।	22133
है	7677
?	5996
,	5970
में	4340
!	4143
हैं	3336
की	2411
क्या	2372
नहीं	2062
ने	2045
मैं	1959
के	1939
हो	1895
को	1805
पर	1622
.	1595
यह	1520
का	1471
एक	1464
तुम	1454
से	1444
मेरे	1391
वह	1376
मुझे	1358
काम	1349
लोग	1206
करते	1202
टॉम	1178
और	1162
लगभग	1117
स्थापित	1075
(	1072
)	1072
दिया	1066
हूँ	1004
आप	993
-	954
था	940
मित्र	857
आएँगे	840
निदेशक	837
कर	834
अक्तूबर	826
पृ.	812
हवाला	812
यात्रा	747
रहा	730
बहुत	717
गया	697
भी	694
हम	672
तो	671
रहे	619
प्रो.	574
ठीक	567
डॉ.	545
कुछ	536
दो	522
करना	521
ये	510
आ	506
संयुक्त राष्ट्र	498
उसे	488
ताज महल	486
गेटवे ऑफ इंडिया	476
बात	476
वे	474
दिल्ली विश्वविद्यालय	473
लाल किला	470
हैरी पॉटर	469
इंडिया गेट	457
एफिल टावर	455
करो	450
जाओ	447
यहाँ	442
पास	433
बस	423
मेरी	418
सब	417
मेरा	411
अच्छा	397
कोई	394
रही	390
अनु	389
लिए	381
कहाँ	369
तुम्हें	362
ही	362
कल	358
चाहिए	357
क्यों	350
साथ	346
अब	336
राधा	334
थी	323
थे	317
चलो	316
उसने	313
हाँ	312
मैंने	308
मत	303
इस	294
अभी	291
जा	282
सकता	282
घर	281
सकते	281
सीता	277
किया	276
पहले	275
हुआ	274
गए	264
फिर	260
सच	260
अपने	258
इसे	248
वो	248
मीरा	242
नाम	240
पता	237
गई	235
आपको	234
पसंद	233
होगा	230
देखो	228
आओ	219
हमें	219
कैसे	217
अर्जुन	210
ले	209
लो	209
अरे	204
कभी	203
कौन	203
कि	202
खाना	202
हूं	197
वहाँ	194
चाय	193
बड़ा	189
सर	187
करता	186
आया	185
ना	184
समय	183
बाहर	181
आज	177
जाएँगे	177
उस	172
तुमने	172
देखने	172
मदद	171
जाना	170
राम	169
माँ	168
अतिथि	167
कृष्ण	167
:	166
आदि	166
बंद	161
वापस	161
तक	160
अपना	158
लगता	157
जल्दी	152
उसके	151
आपका	148
उसकी	148
बजे	148
रात	148
सही	148
कहा	147
पानी	146
भाई	145
या	145
आपके	144
चाहता	142
तुम्हारे	140
आदमी	139
ओह	139
तरह	139
दे	139
अपनी	137
न	137
तुम्हारा	135
उन्हें	134
देखा	134
देश	134
हमारे	133
अच्छी	132
उसका	132
होता	132
कब	130
बच्चे	130
लगा	130
देख	129
प्रो. राम	128
सकती	125
तुम्हारी	124
प्यार	124
जो	123
डॉ. मीरा	123
आपने	122
डॉ. विजय	122
नीचे	122
प्रो. विजय	121
लेकिन	120
हर	120
ऐसा	119
दिन	119
भगवान	119
खाओ	118
चाहते	118
जवाब	118
अंदर	117
आपकी	117
किताब	117
मैरी	117
डॉ. अर्जुन	116
दोस्त	116
प्रो. कृष्ण	115
कितने	113
तू	113
रहो	111
करें	110
दूर	109
शादी	108
जाने	107
विजय	106
किसी	105
रुको	105
जाएगा	104
जानते	104
डॉ. राम	104
बार	103
साल	103
ऊपर	102
करने	102
कृपया	102
मर	102
सुंदर	102
बताओ	101
तैयार	98
धन्यवाद	98
चल	97
सभी	97
पीछे	96
लग	96
कितना	95
यही	94
याद	94
लिया	94
हाथ	94
आगे	93
गाड़ी	93
तीन	92
यार	92
समझ	92
कोशिश	91
जगह	91
मुझसे	90
होना	90
पापा	89
मतलब	89
सुनो	89
सुबह	89
खा	87
छोड़	87
वाला	85
बाद	84
मिल	84
डॉ. कृष्ण	83
भूल	83
डॉ. सीता	82
देर	82
ध्यान	82
बना	82
राजा	82
9	79
पिता	79
दोनों	78
बैठ	78
आता	77
उससे	77
करती	77
दी	77
बोल	77
होगी	77
हुई	76
गये	75
शाम	75
आना	74
चुप	74
जी	74
स्कूल	74
हां	73
अच्छे	72
बारे	72
यहां	72
हमारी	71
ए	70
चला	70
दीजिए	70
लाल	70
शुरू	70
उनके	69
कम	69
कैसा	69
रहता	69
लगी	68
सो	68
इतना	67
उन्होंने	67
खुश	67
पागल	67
हे	67
कमरे	66
तुमसे	66
लड़की	66
सवाल	66
कहीं	65
आराम	64
जैसा	64
बड़ी	64
मेज़	64
रखो	64
5	63
गाना	63
मार	63
किस	62
मिनट	62
अलग	61
आई	61
खुद	61
मिला	61
काला	60
थोड़ा	60
देना	60
हमने	60
आग	59
कितनी	59
किसने	59
गयी	59
शायद	59
होती	59
होते	59
आए	58
गलत	58
तब	58
बैठो	58
रहना	58
सामी	58
हुए	58
जानता	57
दस	57
बीच	57
चले	56
पूरा	56
बताया	56
बा	56
बिल्कुल	56
सुन	56
डर	55
बेटा	55
श्री राधा	55
4	54
छोटा	54
बुरा	54
यहीं	54
वाले	54
शहर	54
शुक्रिया	54
कीजिए	53
चाहती	53
बता	53
बदल	53
साफ़	53
आइए	52
खेल	52
चलते	52
बच्चों	52
वाली	52
साले	52
हमारा	52
हमेशा	52
करनी	51
जब	51
इसका	50
दुनिया	50
धीरे	50
बचा	50
बच्चा	50
बहन	50
सोना	50
फूल	49
बोलो	49
जाते	48
थक	48
पूरी	48
पेड़	48
बकवास	48
माफ़	48
रखना	48
सिर्फ	48
इधर	47
ईशान	47
करेंगे	47
खत्म	47
ज़रूरत	47
जाता	47
उनकी	46
कह	46
गलती	46
जर्मनी	46
जापानी	46
जीत	46
डॉ. राधा	46
पी	46
बिलकुल	46
वही	46
श्री कृष्ण	46
श्री विजय	46
सामने	46
असली	45
गरम	45
जीवन	45
पढ़	45
पैसे	45
बन	45
लिये	45
शांत	45
श्री	45
कहां	44
ज़्यादा	44
जानती	44
डॉक्टर	44
पिताजी	44
पोन्यो	44
श्री राम	44
सबसे	44
सैनिक	44
स्वागत	44
दिल	43
भाषा	43
रुक	43
आती	42
खो	42
थोड़ी	42
बड़े	42
रंग	42
इसके	41
उनका	41
किसे	41
कुत्ता	41
तरफ	41
पिया	41
मुझ	41
मुश्किल	41
श्री सीता	41
सा	41
73	40
इन	40
कई	40
गोली	40
चीन	40
जान	40
श्री मीरा	40
कैसी	39
खड़े	39
चुका	39
भाग	39
मिलते	39
रह	39
ली	39
वहां	39
होने	39
21	38
24	38
78	38
अगर	38
अलविदा	38
ओर	38
दूध	38
नदी	38
बारिश	38
भारत	38
रहते	38
लेना	38
वहीं	38
26	37
53	37
अंग्रेज़ी	37
अजीब	37
अमीर	37
उसको	37
चिंता	37
चीज़	37
ज़रूरी	37
पैर	37
बढ़िया	37
युद्ध	37
रास्ता	37
लड़का	37
वादा	37
वैसे	37
सोच	37
सोने	37
हटो	37
2012	36
54	36
अकेले	36
इसकी	36
उन	36
ट्रेन	36
तुझे	36
देखना	36
नया	36
निकल	36
परिवार	36
बेहतर	36
रख	36
श्री अर्जुन	36
सिर	36
---	35
44	35
92	35
कहते	35
काली	35
जापान	35
बंदूक	35
बाबा	35
बिना	35
यू	35
सारे	35
सोस्के	35
37	34
39	34
76	34
77	34
85	34
आपसे	34
कहानी	34
खैर	34
घड़ी	34
ज़रा	34
पहुँचे	34
बाल	34
मां	34
लगते	34
लड़के	34
1971	33
56	33
आह	33
इससे	33
उनसे	33
ऐसे	33
काफी	33
जाएगी	33
रहती	33
लकी	33
लगती	33
सड़क	33
हाल	33
28	32
7	32
86	32
98	32
खाते	32
खाली	32
जाओगे	32
जैसे	32
तारा	32
मौका	32
लिखा	32
लोगों	32
वैसा	32
संभाल	32
समस्या	32
सी	32
11	31
1953	31
1966	31
1994	31
2006	31
2015	31
27	31
29	31
42	31
69	31
74	31
94	31
आएगा	31
आसान	31
ऐसी	31
काफ़ी	31
काश	31
चार	31
जॉन	31
पाँच	31
बीमार	31
बेबी	31
बेवकूफ	31
रहें	31
रोक	31
वाह	31
"	30
1950	30
1984	30
1999	30
20	30
59	30
66	30
88	30
उठो	30
किसके	30
खड़ा	30
चोर	30
ज़रूर	30
जोजो	30
ठंडा	30
तैरना	30
दर्द	30
दिखा	30
रहने	30
रहीं	30
रो	30
रोज़	30
सामान	30
सिर्फ़	30
सोचो	30
1997	29
33	29
34	29
38	29
47	29
52	29
55	29
58	29
68	29
70	29
84	29
89	29
93	29
आने	29
इंतज़ार	29
करीब	29
करेगा	29
करोगे	29
कुत्ते	29
खाने	29
खुशी	29
गा	29
चुकी	29
जंगल	29
टिम	29
दिखाओ	29
नफ़रत	29
पढ़ाई	29
पुलिस	29
फोन	29
भारी	29
मम्मी	29
शब्द	29
सेन	29
हैलो	29
16	28
1974	28
1976	28
1978	28
1982	28
1992	28
2	28
2014	28
2020	28
49	28
83	28
97	28
एंडी	28
कपड़े	28
कमरा	28
कहो	28
चीनी	28
छोड़ो	28
दम	28
दें	28
पत्थर	28
मिले	28
रूप	28
लाओ	28
वास्तव	28
साइकिल	28
हवा	28
1973	27
1987	27
2007	27
2019	27
23	27
32	27
65	27
90	27
चावल	27
टूट	27
दरवाज़ा	27
नई	27
पकड़ो	27
बेटे	27
मौसम	27
योजना	27
रूसी	27
लौट	27
सारा	27
सुना	27
हवाई	27
होंगे	27
17	26
19	26
1954	26
1955	26
1962	26
1988	26
1993	26
22	26
3	26
40	26
41	26
51	26
60	26
62	26
80	26
82	26
अकेला	26
आँखें	26
किताबें	26
खतरनाक	26
ख़ुश	26
छोटी	26
जन्मदिन	26
नमस्ते	26
फ़ोन	26
बराबर	26
मारना	26
मारा	26
मौत	26
यकीन	26
रास्ते	26
लीसा	26
लैला	26
समझा	26
हाय	26
18	25
1952	25
1961	25
1964	25
1965	25
1983	25
1986	25
43	25
48	25
57	25
64	25
71	25
72	25
99	25
इतने	25
इसमें	25
औरत	25
केवल	25
खाता	25
खोलो	25
गिर	25
जरूरत	25
ड्रैगन	25
दिख	25
देता	25
नौकरी	25
पकड़	25
पियो	25
बनाया	25
बिल्ली	25
बोलते	25
मछली	25
मिली	25
लेंगे	25
शुभ	25
हमरा	25
15	24
1951	24
1956	24
2004	24
25	24
6	24
8	24
अंधा	24
आवाज़	24
इतनी	24
क्योंकि	24
खुलता	24
चलें	24
चूहा	24
छोटे	24
जला	24
जहाज़	24
झूठ	24
तेज़	24
तैर	24
देखते	24
प्यारा	24
भर	24
महान	24
लगे	24
विश्वास	24
शांति	24
हाकू	24
13	23
1960	23
1963	23
1975	23
1989	23
1990	23
2011	23
2016	23
2017	23
2021	23
2023	23
30	23
50	23
61	23
67	23
81	23
87	23
कारण	23
ख़त्म	23
खुला	23
खूबसूरत	23
जाइए	23
जाएंगे	23
दरवाज़े	23
दादी	23
नैना	23
पहुँच	23
पिछले	23
पीना	23
पे	23
बदला	23
बम	23
बाकी	23
भेजा	23
मन	23
माफ	23
यानी	23
रूस	23
ला	23
शिश्न	23
समझते	23
सरकार	23
साहब	23
1980	22
2005	22
2018	22
2022	22
2024	22
46	22
75	22
96	22
ओसाका	22
कुर्सी	22
खबर	22
खून	22
चोरी	22
डाल	22
दवाई	22
दीदी	22
दूंगा	22
देखिए	22
निकालो	22
नियम	22
पढ़ो	22
पति	22
प्लीज	22
भागो	22
मानो	22
मिलना	22
मीठा	22
मूर्ख	22
मैडम	22
राजधानी	22
लगाओ	22
सेब	22
सौ	22
हमज़ा	22
हेलो	22
होटल	22
10	21
14	21
1957	21
1958	21
1959	21
1981	21
1996	21
2009	21
2013	21
45	21
79	21
91	21
95	21
;	21
अंत	21
उठ	21
उठा	21
उनमें	21
गुस्सा	21
घोड़ा	21
जल	21
तेरा	21
पार्टी	21
बनना	21
बोतल	21
लिख	21
लेने	21
हार	21
…	21
1970	20
1977	20
1979	20
1991	20
35	20
36	20
आकाश	20
करूँगा	20
काले	20
कौनसा	20
खिड़की	20
चली	20
जाऊँगा	20
टीचर	20
डाला	20
थीं	20
दोस्तों	20
पुरानी	20
पैसा	20
बढ़ो	20
बानी	20
भूख	20
महीने	20
मिलेगा	20
मुबारक	20
मज़ाक	20
रखें	20
राजू	20
सपना	20
सिगरेट	20
स्तन	20
12	19
1967	19
1985	19
2002	19
2003	19
कप	19
करे	19
खोल	19
ग्रह	19
चलिए	19
चोट	19
चोद	19
जल्द	19
तरफ़	19
तस्वीर	19
दुकान	19
दूसरे	19
नए	19
नीला	19
पहली	19
पीते	19
फल	19
बढ़	19
बीस	19
बैंक	19
भला	19
मज़ा	19
मरना	19
मिलकर	19
मीठी	19
रहमान	19
रहेगा	19
रैंचो	19
रोको	19
लंदन	19
विचार	19
विवाह	19
समझे	19
साफ	19
सूरज	19
सॉरी	19
1969	18
1998	18
2008	18
2025	18
अगला	18
अगले	18
आंटी	18
आदत	18
उड़	18
ऑन	18
कमाल	18
कहना	18
क्षमा	18
खराब	18
चाबी	18
चाल	18
चालू	18
चीज़ें	18
चू	18
जाए	18
दरवाजा	18
देंगे	18
नाक	18
पार	18
पीता	18
पूछ	18
प्रिय	18
प्लीज़	18
फरहान	18
फ्यूरर	18
बुज्जी	18
बुरी	18
बुलाया	18
बैठे	18
मज़बूत	18
मिलने	18
मुँह	18
रक्षा	18
वकील	18
शानदार	18
सबूत	18
समझो	18
साँस	18
सुरक्षित	18
हमला	18
1968	17
2001	17
2010	17
अधिक	17
आम	17
इंतजार	17
ऐ	17
ओए	17
कप्तान	17
कार	17
कृप्या	17
केक	17
कौनसे	17
खेलना	17
गईं	17
गे	17
चतुर	17
चुके	17
जेल	17
टोपी	17
तेरे	17
दिखाई	17
दीवार	17
नही	17
निक	17
पड़ा	17
पड़ी	17
परेशान	17
पहला	17
पीला	17
पूरे	17
फेंक	17
बताना	17
बाप	17
बाय	17
बोलता	17
भरोसा	17
भूत	17
मज़ेदार	17
मरा	17
मारी	17
मेहनत	17
यरूशलेम	17
यहूदी	17
रखा	17
रेडियो	17
लंबी	17
लिखो	17
लीजिए	17
वक़्त	17
श्रीमान	17
समाप्त	17
सलाम	17
सीख	17
हँस	17
हैरान	17
1972	16
अमन	16
आते	16
आशा	16
इंसान	16
इटली	16
एसपी	16
ओ	16
ओके	16
काट	16
काहे	16
क्लियो	16
खरीदी	16
खोज	16
गाँव	16
गिटार	16
गिलास	16
चाचा	16
चिहिरो	16
जन्म	16
जवान	16
जाती	16
जादू	16
टीवी	16
ठंड	16
दादा	16
दूसरा	16
नंगा	16
नियंत्रण	16
पक्षी	16
पहन	16
पूछा	16
पूछो	16
पैदा	16
प्रो. सीता	16
बच	16
बधाई	16
बाड़ू	16
बैग	16
भारतीय	16
मारो	16
राहेल	16
लेकर	16
सबको	16
सात	16
सीधे	16
सुनाई	16
सुनिए	16
सूची	16
सूप	16
सेकंड	16
सेना	16
सैन	16
हिम्मत	16
31	15
आखिरी	15
आठ	15
इतालवी	15
उदास	15
कंबल	15
करके	15
कॉफ़ी	15
गरीब	15
ग़लती	15
गुड	15
चुराया	15
छत	15
छोड़	15
जाग	15
जानवर	15
जिरो	15
डूब	15
डॉलर	15
ड्रेस	15
ताज़ा	15
तोड़	15
थोरिन	15
दिखता	15
दिखाया	15
दोगे	15
दोपहर	15
नमस्कार	15
नाव	15
पकड़ा	15
बताइए	15
बताता	15
बर्बाद	15
बुला	15
बैठा	15
बैठिए	15
बोलती	15
बोला	15
मज़ाक	15
महिला	15
मारे	15
मिलेंगे	15
रहिए	15
राज्य	15
रुकिए	15
लंड	15
लगाना	15
लिखना	15
विदेश	15
सारी	15
सीधा	15
सेव	15
हिरण	15
,"	14
2000	14
3.5	14
63	14
अद्भुत	14
अबे	14
अस्पताल	14
आकर	14
आशीर्वाद	14
इसको	14
उत्तर	14
कि.मी.	14
खरगोश	14
खींचो	14
गहरा	14
गहरी	14
ग़लत	14
गाड़ी	14
चलता	14
चलती	14
चाकू	14
चिट्ठी	14
छह	14
जय	14
जरा	14
ज़िंदगी	14
जूते	14
जैसी	14
टेनिस	14
टेम्पलटन	14
टैक्सी	14
डरा	14
तेज	14
दिमाग	14
दीं	14
दूँगा	14
देखकर	14
देवी	14
नफरत	14
पत्नी	14
पत्र	14
पहाड़	14
फ़ैसला	14
बचाओ	14
बलात्कार	14
बेटी	14
भौतिक	14
मजाक	14
मना	14
महोदय	14
मृत	14
रणछो	14
रहूँगा	14
लिन	14
लूँगा	14
विकल्प	14
विषय	14
व्यस्त	14
शिकायत	14
सम्मान	14
सांस	14
सावधान	14
सुनते	14
सुनी	14
स्थिति	14
स्पेनी	14
स्वादिष्ट	14
हमे	14
अचानक	13
आओगे	13
आये	13
इनू	13
इसी	13
उत्तम	13
एकदम	13
करूंगा	13
कवनो	13
कीमत	13
खतम	13
गधे	13
गले	13
चमक	13
चलना	13
जरूर	13
जहाँ	13
जाँच	13
जानतीं	13
जीता	13
ज्यादा	13
टाइम	13
टिकट	13
ठंडी	13
तेल	13
दूँ	13
दूसरी	13
देगा	13
नज़र	13
नमक	13
नष्ट	13
निकली	13
निश्चित	13
नींद	13
नोट	13
पड़	13
पड़ेगा	13
परवाह	13
पहना	13
पीती	13
पुस्तक	13
प्यारे	13
प्रवेश	13
प्रो. अनु	13
फ़िल्म	13
फ़्रांसीसी	13
बच्ची	13
बनाओ	13
बनाना	13
बनो	13
बिल	13
बिस्तर	13
बॉस	13
बोलना	13
भीड़	13
माफी	13
मारने	13
मालूम	13
मिलता	13
मुसीबत	13
युरोप	13
रउरा	13
रविवार	13
रस्सी	13
रहमान भाई	13
राक्षस	13
राज़	13
राय	13
लयारी	13
लिखी	13
लें	13
लेता	13
विमान	13
संगीत	13
हट	13
हल्का	13
हिस्सा	13
अध्यापक	12
अरब	12
आदेश	12
आलसी	12
आसमान	12
इंसु	12
इतिहास	12
उतर	12
कविता	12
कहूँ	12
किधर	12
किसका	12
कॉफी	12
क्यूँ	12
खेद	12
गंभीर	12
गर्म	12
घायल	12
चलने	12
चलाना	12
चलेगा	12
चाहो	12
चेहरा	12
छुओ	12
छोड़ना	12
जर्मन	12
ज़ोर	12
जारी	12
टीम	12
टूथलेस	12
डरपोक	12
डैड	12
त	12
तेरी	12
देती	12
दौड़	12
धोखा	12
निकलो	12
पक्का	12
पल	12
पीली	12
प्यारी	12
प्रो. मीरा	12
प्लीज़	12
बक	12
बचाने	12
बनाई	12
बुखार	12
बूढ़े	12
बेशक	12
बॉस्टन	12
बोलने	12
भयानक	12
भरा	12
भरी	12
भेज	12
भोजन	12
माफ़ी	12
मामा	12
मिस्टर	12
मुझपर	12
मृत्यु	12
यान्नी	12
यालीना	12
रहेंगे	12
रे	12
रेड	12
लंबा	12
लड़ाई	12
लोगे	12
वजह	12
वरना	12
शक्ति	12
सकतीं	12
सके	12
सालों	12
सीखा	12
सीट	12
सेक्स	12
सोचा	12
स्टेशन	12
हद	12
अंतर	11
अब्बा	11
अरबी	11
अल्लाह	11
आखिरकार	11
आत्मा	11
आभारी	11
आर	11
इंसिया	11
इन्हें	11
उधार	11
उम्मीद	11
उसी	11
उह	11
उज़ैर	11
एम	11
कठिन	11
कमबख्त	11
कमीने	11
कागज़	11
क्षेत्र	11
खड़ी	11
ख़बर	11
खाओगे	11
खाती	11
ख्याल	11
गेट	11
गोल	11
घंटे	11
चाची	11
चिंतन	11
छुप	11
छूट	11
जहाज	11
ज़िरी	11
जाऊंगा	11
जानना	11
ताक़त	11
तुम्हे	11
दक्षिण	11
दुश्मन	11
देने	11
द्वीप	11
धूम्रपान	11
नंबर	11
नगर	11
नागरिक	11
नाच	11
नौ	11
पड़ता	11
पड़ना	11
पहनने	11
पाता	11
पीछा	11
पृथ्वी	11
प्रो. अर्जुन	11
प्लान	11
फर्क	11
बादल	11
बीवी	11
बुलाओ	11
बेकार	11
भेड़िया	11
मछलियां	11
मरने	11
महसूस	11
मान	11
मालिक	11
मील	11
मै	11
मैदान	11
रामू	11
लगाया	11
लाऊँ	11
लानत	11
लाया	11
लेखक	11
लेट	11
व्यक्ति	11
शरीर	11
शेर	11
शोर	11
सबकुछ	11
समुद्र	11
सीखने	11
सीधी	11
सेत्सुको	11
स्वर्ग	11
स्वामी	11
1995	10
अंतिम	10
अखबार	10
अप	10
अफ़वाह	10
आँख	10
आनंद	10
आसपास	10
इंजीनियर	10
इसलिए	10
उठाओ	10
उधर	10
कनाडा	10
कहता	10
कामाजी	10
कीजिये	10
कॉल	10
खतरे	10
खरीदना	10
खरीदा	10
ख़ून	10
खाया	10
खेलती	10
गणित	10
गायब	10
गुड्डू	10
गेंद	10
चश्मा	10
चिल्लाने	10
चुरा	10
छुट्टी	10
जमा	10
जरूरी	10
जाकर	10
जाल	10
जीने	10
झील	10
झूठी	10
डरता	10
तरीके	10
तुरंत	10
तूने	10
तैयारी	10
दिए	10
दिखते	10
दूतावास	10
धर्म	10
नाटक	10
नाश्ता	10
नीली	10
पंछी	10
पकड़े	10
पड़ेगी	10
पपी	10
परीक्षा	10
पर्याप्त	10
पहचाना	10
पेट	10
प्रतीक्षा	10
प्रार्थना	10
फिरसे	10
बंदा	10
बदसूरत	10
बनने	10
बस्ता	10
मगर	10
मिया	10
मोना	10
यूनान	10
रुकी	10
रोटी	10
लम्बा	10
लाइट	10
लायक	10
लैम	10
लोहा	10
विज्ञानी	10
वेल	10
शो	10
संख्या	10
सचमुच	10
सदस्य	10
समुंदर	10
सहमत	10
सुप्रभात	10
सेवा	10
हस्तर	10
हू	10
हों	10
फ़ोन	10
अंधे	9
अधिकार	9
अन्यथा	9
असल	9
आएगी	9
आयेगा	9
इमारत	9
ईसाई	9
उतना	9
उबाऊ	9
उसपर	9
एगो	9
ऐल्फ़ा	9
कड़ी	9
कमी	9
किसको	9
कुत्तों	9
कॉलेज	9
कोट	9
कौनसी	9
क्लास	9
खास	9
खेलते	9
खेलने	9
खैरियत	9
गंदा	9
गएं	9
घोषणा	9
चढ़	9
चाटा	9
चाहोगे	9
चिल्ला	9
छी	9
जंग	9
ज़मीन	9
जेब	9
जॉय	9
टोक्यो	9
डब्बा	9
तरीका	9
ताज़ी	9
तारे	9
तुमको	9
तोड़ी	9
तोहफा	9
थप्पड़	9
दफ़्तर	9
दया	9
दाँत	9
दोबारा	9
धरती	9
नाभिकीय	9
नाराज़	9
निकाल	9
नियमों	9
पकड़ी	9
पढ़ने	9
पतला	9
परिचित	9
पवित्र	9
पसंदीदा	9
पहचानते	9
पहुँचा	9
पीठ	9
पीले	9
पुत्र	9
पूछना	9
पूर्व	9
पैसों	9
प्रभु	9
प्रसिद्ध	9
प्राप्त	9
फट	9
बचाया	9
बजाना	9
बटुआ	9
बताइये	9
बताने	9
बत्ती	9
बदले	9
बेवकूफ़	9
बड़ी	9
भाड़	9
भाव	9
मक्खन	9
मशहूर	9
मशीन	9
मांसपेशी	9
माई	9
मास्टर	9
माफ़	9
मिठाई	9
मिलेगी	9
मिस	9
मुमकिन	9
यदि	9
योद्धा	9
रखता	9
रहेगी	9
राज	9
रुलाया	9
रोहित	9
लंबे	9
लकड़ी	9
लगेगा	9
लाख	9
वायरस	9
विज्ञान	9
विशाल	9
शक	9
शर्म	9
शुभकामनाएँ	9
सहेली	9
सामान्य	9
सौदा	9
स्पेन	9
हँसे	9
हल्के	9
हाथों	9
हिला	9
हैम	9
होशियार	9
अंडा	8
अंडे	8
अंधेरे	8
अगली	8
अन्य	8
अभिनेत्री	8
अविश्वसनीय	8
आइये	8
आकर्षक	8
इंशाअल्लाह	8
इच्छा	8
इसने	8
ई	8
ईरान	8
ईश्वर	8
उपन्यास	8
उपहार	8
उसमें	8
कंपनी	8
कड़ा	8
कमज़ोर	8
करोगी	8
कवन	8
कसम	8
कहेंगे	8
कागज	8
किसकी	8
कुरसी	8
कूद	8
कौवे	8
ख़ैर	8
खेलो	8
गर्मी	8
गर्व	8
गवाह	8
गाओ	8
गाने	8
गायक	8
गुम	8
ग्यारह	8
चलाओ	8
चलाता	8
चाहें	8
चिकन	8
चिकी	8
चीज	8
चोदा	8
चौंक	8
जनसंख्या	8
ज़ुकाम	8
जाएं	8
जाम	8
जितना	8
जीरो	8
जीवित	8
झंडा	8
टाई	8
डरते	8
डालो	8
ढंग	8
तंत्र	8
तीनों	8
तीस	8
थैंक	8
दफा	8
दिनों	8
दीजिये	8
दुख	8
दुखी	8
देखता	8
नहोको	8
निर्णय	8
नुकसान	8
नो	8
न्यूयॉर्क	8
पतंग	8
पहचानती	8
पहने	8
पाया	8
पुराना	8
पुरुष	8
पुरुषों	8
पूछने	8
प्रेम	8
प्रो. राधा	8
बज	8
बहती	8
बातें	8
बादलों	8
बारी	8
बिल्ला	8
बीमारी	8
बेंजामिन	8
बॉल	8
ब्रूक्स	8
भागना	8
भीतर	8
भूमि	8
भेजो	8
मज़े	8
महारानी	8
मानता	8
मानव	8
मिलो	8
मुझें	8
मुद्रा	8
मे	8
मैक्स	8
मौजूद	8
युवा	8
राजकुमारी	8
रेलगाड़ी	8
रोना	8
रोने	8
रोम	8
रोमांचक	8
रोया	8
लड़ो	8
लाइन	8
लूट	8
लेके	8
लेगा	8
व	8
विभक्ति	8
व्यापारी	8
शनिवार	8
शराब	8
शर्त	8
शिक्षक	8
शुद्ध	8
शुरुआत	8
शूरवीर	8
संतुष्ट	8
संपर्क	8
समुद्र तट	8
सवारी	8
साबित	8
साला	8
सुन्दर	8
सूख	8
सोचने	8
स्पष्ट	8
स्वाद	8
हथियार	8
हफ़्ते	8
हफ्ते	8
हम्म	8
हरी	8
हरे	8
हल्की	8
हस्ताक्षर	8
हिंदी	8
हिसाब	8
हेवुड	8
अक्सर	7
अचंभा	7
अड्डे	7
अपराध	7
आजा	7
आधा	7
आधी	7
आमतौर	7
आयी	7
आवश्यक	7
आश्चर्य	7
आस	7
इंगे	7
इसीलिए	7
उठना	7
उड़ा	7
उड़ान	7
उतरो	7
उतारो	7
उदाहरण	7
उम्र	7
ऊर्जा	7
एरेट	7
एस्ट्रिड	7
एस्पेरांतो	7
कठोर	7
कपड़ा	7
कराची	7
करूँ	7
कहने	7
कही	7
कान	7
केला	7
कोइची	7
क्रिसमस	7
ख़ुद	7
ख़ुशी	7
खाइए	7
खुली	7
खेलता	7
खोजना	7
गर्लफ़्रेंड	7
गांड़	7
गाती	7
गाते	7
गिरा	7
ग्रेट	7
घुटने	7
चर्च	7
चलकर	7
चलेंगे	7
चाहे	7
चिंतित	7
चुना	7
चौड़ी	7
छः	7
छीन	7
छुपा	7
जनवरी	7
जन्मा	7
जमील	7
ज़िंदा	7
जाऊँगी	7
जाऊं	7
जानो	7
जिंदा	7
जिरह	7
जीते	7
जॉगिंग	7
जोनाथन	7
टोकी	7
डरो	7
डार्लिंग	7
डिनर	7
डुफ्रेन	7
डेटा	7
ड्रैगन्स	7
तय	7
ताली	7
तुम्बाड़	7
तोता	7
दफ़ा	7
दाल	7
दिये	7
दिलचस्प	7
देखभाल	7
देखी	7
देखे	7
देखें	7
देवराज	7
दोनो	7
दोष	7
दोस्ती	7
धक्का	7
धत्	7
धन	7
धैर्य	7
धोती	7
नंगे	7
नरक	7
नवल	7
निकला	7
निर्भर	7
पका	7
पकड़	7
पचास	7
परमाणु	7
पश्चिम	7
पहचान	7
पहनो	7
पाकिस्तान	7
पाको	7
पासवर्ड	7
पुश	7
पेरिस	7
पैंट	7
पैरों	7
प्यास	7
प्रभात	7
प्रयोग	7
फ़ारसी	7
फुल	7
फेंका	7
बगल	7
बगीचे	7
बताऊँ	7
बर्फ़	7
बहनें	7
बाज़ार	7
बिजली	7
बियर	7
बूढ़ा	7
बेशक़	7
बेसबॉल	7
बैठना	7
भाईजान	7
भाषाएँ	7
भुगतान	7
भैया	7
मछलियाँ	7
मजबूत	7
मनुष्य	7
मम्मा	7
मराठी	7
मस्ती	7
महत्वपूर्ण	7
महिलाओं	7
मातृ	7
मी	7
मुर्गी	7
मुस्लिम	7
मेहमान	7
मैनेजर	7
मॉम	7
मोटा	7
मज़े	7
यूरोपीय	7
रखे	7
रणछोड़दास	7
रस	7
राजनीति	7
रानी	7
रिकॉर्ड	7
लात	7
लिखते	7
लूसी	7
लेते	7
लैपटॉप	7
लोहे	7
वक्त	7
वार	7
विद्युत	7
वैल	7
व्यवहार	7
शादीशुदा	7
शैतान	7
संध्या	7
सड़कें	7
सफ़ाई	7
सफ़ेद	7
समझाओ	7
समझाया	7
समान	7
सरल	7
सहायता	7
सिखाया	7
सुनकर	7
सुनता	7
सुरक्षा	7
सूट	7
सैंडविच	7
हँ	7
हँसो	7
हज़ार	7
हटा	7
हरा	7
हल	7
हा	7
हुक्म	7
--	6
अँगूठी	6
अंकल	6
अंग	6
अंग्रेज़	6
अडेला	6
अति	6
अदृश्य	6
अनुमति	6
अमरीकी	6
अली	6
असलम	6
अॅन	6
आँखों	6
आइल	6
आदर्श	6
आल	6
इग्नात	6
इबेलिन	6
इज़	6
ईमेल	6
उठते	6
उतार	6
उन्हे	6
ऊ	6
एल्विस	6
ओये	6
कत्ल	6
कदम	6
कमीज़	6
करूं	6
करेगी	6
कवी	6
कामयाब	6
कामयाबी	6
किद्दो	6
किसलिए	6
किससे	6
किसान	6
कुंजी	6
कुतिया	6
केन	6
कौआ	6
क्लिक	6
क्ले	6
क्षःमा	6
खगोलीय	6
खतरा	6
ख़याल	6
खूब	6
खोना	6
खोला	6
गधा	6
गर्दन	6
गला	6
गाजर	6
गाय	6
गुज़र	6
गुड़िया	6
गोलार्ध	6
घंटा	6
घाव	6
घास	6
घुटनों	6
घुसा	6
घड़ी	6
चढ़ो	6
चाँद	6
चारों	6
चिड़िया	6
चुंबकीय	6
चूमा	6
चेक	6
चेतावनी	6
चेहरे	6
चैंप	6
चॉकलेट	6
छुरी	6
छेद	6
छोड़कर	6
जंगली	6
जाएँ	6
जागो	6
जायेंगे	6
जिम	6
जीतेंगे	6
जीना	6
जैक	6
झूठा	6
टाइप	6
टेक	6
टेढ़ा	6
टेप	6
टेबल	6
टॉमी	6
टोनी	6
डरती	6
डालना	6
डोंगा	6
डोंगे	6
ड्रागो	6
तंग	6
तलाश	6
ताकत	6
ताकि	6
तालाब	6
तुझ	6
तुर्की	6
तूफान	6
तोहरा	6
थाली	6
द	6
दर	6
दरअसल	6
दानव	6
दावा	6
देखऽ	6
दोषी	6
दोस्तो	6
धमकी	6
धूप	6
धो	6
नइखे	6
नज़दीक	6
नयी	6
नाज़ी	6
नाश्ते	6
निकलता	6
निकलना	6
निकाला	6
निशान	6
निहारिका	6
पकड़ो	6
पड़ोसी	6
पढ़ना	6
पतली	6
परेशानी	6
पहनता	6
पा	6
पालतू	6
पिज्जा	6
पीलो	6
पुल	6
पेंटिंग	6
पेन्सिल	6
पॉइंट	6
पॉल	6
प्रकार	6
प्रकाश	6
प्रश्न	6
प्रॉब्लम	6
फँसाया	6
फंस	6
फ़ेसबुक	6
फ़्रांस	6
बंदूकें	6
बचपन	6
बचाव	6
बजा	6
बजाता	6
बदतमीज़	6
बदबू	6
बदमाश	6
बने	6
बह	6
बहस	6
बहादुर	6
बहाना	6
बाजार	6
बाजू	6
बातचीत	6
बीते	6
बेहतरीन	6
बेहोश	6
बॉब	6
बोले	6
बौना	6
ब्राज़ील	6
बड़ा	6
बढ़िया	6
भरना	6
भागते	6
भागा	6
भैंस	6
मंगेतर	6
मई	6
मांस	6
माईक	6
माता	6
मानते	6
माना	6
मामला	6
मुंह	6
मुसलमान	6
मेंढक	6
मोटी	6
युबाबा	6
योर्की	6
रखी	6
रहमान बलोच	6
रहोगे	6
रिच्ची	6
रेखा	6
रेत	6
रोका	6
लगना	6
लगीं	6
लगो	6
लाइए	6
लागत	6
लालची	6
लिंक	6
लिखने	6
लॉटरी	6
लौटा	6
लौरी	6
लड़की	6
लड़के	6
वाय	6
वायु	6
वार्डन	6
विकसित	6
शक्तिशाली	6
शत्रु	6
शुभकामनाएं	6
शुरु	6
शौचालय	6
संकट	6
संग	6
संभव	6
सका	6
सफ़र	6
सबका	6
समलैंगिक	6
सलाह	6
सवार	6
साइलेंसर	6
सिखाते	6
सुनाओ	6
सुनामी	6
सूटकेस	6
सेइता	6
सैकड़ों	6
सोते	6
सोया	6
सोये	6
स्कोर	6
स्टॉप	6
स्वतंत्र	6
हत्या	6
हनी	6
हरामखोर	6
हालत	6
हिकप	6
हिटलर	6
हिन्द	6
हीरा	6
हु	6
होंजों	6
अ	5
अँधेरा	5
अंग्रेजी	5
अंतरिक्ष	5
अक्षर	5
अफ़सोस	5
अभिनेता	5
अभिशाप	5
अलैकुम	5
अल्जेरिया	5
आँसू	5
आइडिया	5
आदिम	5
आर्य	5
आवश्यकता	5
आवाज	5
आसानी	5
इट	5
इनका	5
इनकार	5
इनकी	5
इनसान	5
ईद	5
उ	5
उठाएं	5
उठाना	5
उड़ाना	5
उत्कृष्ट	5
उल्टा	5
उल्लू	5
ऊँचा	5
ऊँची	5
एंड	5
एकरा	5
एमिली	5
एशिया	5
एशियाई	5
एहसान	5
ऐस्ट्रिड	5
ऑडिशन	5
ओहो	5
औद्योगिक	5
औरतें	5
कंप्यूटर	5
कड़वा	5
कबूल	5
करी	5
कलाकार	5
कलात्मक	5
कवि	5
कहिए	5
काँटा	5
काल	5
किनारे	5
किलो	5
कुरोकवा	5
कूदो	5
कैंसर	5
कैमरा	5
कैमरे	5
क्योटो	5
क्रिस	5
खटखटाया	5
खरीद	5
ख़त	5
ख़ुदा	5
ख़ूब	5
खींच	5
खुदा	5
खेत	5
खोजें	5
गंध	5
गड़बड़	5
गड्डा	5
गड्ढा	5
गर्भवती	5
गलतियाँ	5
गहरे	5
गांव	5
गाता	5
गायिका	5
गार्ड	5
गाली	5
गिनती	5
गिरजाघर	5
गीत	5
गीता	5
गीली	5
गुड़	5
गुरु	5
गुलाब	5
घंटी	5
घटना	5
घबराओ	5
घिनौना	5
घिरा	5
चढ़ाना	5
चर्चा	5
चहिए	5
चा	5
चाहत	5
चाहिये	5
चाहेंगे	5
चीयर्स	5
चूतिया	5
चोदना	5
छा	5
छोटू	5
छोड़िए	5
ज़बान	5
ज़ाहिर	5
ज़िंदाबाद	5
ज़िन्दगी	5
ज़िम्मेदारी	5
ज़िरह	5
जाज	5
जायेगा	5
जिंबो	5
जिया	5
जिसे	5
जूस	5
जेनी	5
जॉन विक	5
झपकी	5
झुको	5
झूठे	5
टकराई	5
टुकड़ा	5
टूटी	5
टैंकर	5
टोकरी	5
टौम	5
ट्वीट	5
ठंडे	5
डरने	5
डिजाइन	5
डेट	5
तकलीफ	5
तारीफ़	5
तिवारी	5
तीर	5
तौर	5
थोड़े	5
दरवाजे	5
दरवाज़ा	5
दवा	5
दा	5
दिखाते	5
दिमाग़	5
दिलाया	5
दुष्ट	5
दूधवाला	5
दृष्टि	5
देखती	5
देगी	5
देवियों	5
दौड़ते	5
दौर	5
द्वारा	5
धूल	5
नंगी	5
नई दिल्ली	5
नईम	5
नजर	5
नतीजे	5
नवल मारवान	5
नाचना	5
नाचो	5
निकले	5
निजी	5
निन्दा	5
निराश	5
नेथन	5
नॉट	5
नॉर्मल	5
नौकर	5
न्यू यॉर्क	5
पड़ोस	5
पढ़ा	5
पनीर	5
परे	5
पश्चिमी	5
पहाड़ों	5
पाँव	5
पांच	5
पाए	5
पागलपन	5
पाते	5
पादं	5
पालन	5
पियानो	5
पुष्टि	5
पुस्तकालय	5
पूर्ण	5
पेन	5
पोस्टर	5
प्रति	5
प्रसाद	5
प्राकृतिक	5
फ़र्श	5
फ़ाइल	5
फिल्म	5
फैसला	5
फ्रेम	5
बंकर	5
बंदर	5
बक्से	5
बगोंघी	5
बचे	5
बजाय	5
बढ़ें	5
बदलता	5
बदलना	5
बदलने	5
बदलो	5
बनती	5
बनाता	5
बरफ़	5
बर्क	5
बर्तन	5
बल्कि	5
बाघ	5
बाबू	5
बाया	5
बारह	5
बिग	5
बिगाड़	5
बुलाना	5
बेचारा	5
बेबी कॉर्प	5
बैठक	5
बैठी	5
बॉक्स	5
ब्लोअर	5
भविष्य	5
भाग्य	5
भूलती	5
भूलना	5
भेड़	5
मंदिर	5
मजेदार	5
मम	5
मम्म	5
मस्त	5
महिलाएं	5
माइकल	5
मारिया	5
मियाँ	5
मिस्री	5
मुलाकात	5
मुस्कुरा	5
मुस्कुराया	5
मुहावरें	5
मूँह	5
मॅरी	5
मेन्नाद	5
मैथुन	5
मैन	5
मैम	5
यात्री	5
रउवा	5
रवाना	5
रसोई	5
रस्तोगी	5
रहस्य	5
राजन	5
राजाओं	5
रात्रि	5
रियली	5
रिश्ते	5
रेवड़ी	5
रोओ	5
रोग	5
रोज	5
रोशनी	5
रोज़	5
लज़ीज़	5
लड़े	5
लाइक	5
लाखों	5
लागू	5
लाभ	5
लास्ट	5
लिखता	5
लिस्ट	5
लेख	5
लड़का	5
वहाब	5
वाओ	5
वापिस	5
वालेकुम	5
विशेष	5
वीडियो	5
वैसी	5
शर्ट	5
शर्तें	5
शाप	5
शुक्रवार	5
श्री अनु	5
श्रीमती	5
संग्रह	5
संदेह	5
सको	5
सज़ा	5
सपने	5
समझता	5
समझदार	5
समाचार	5
समाज	5
समारोह	5
समीकरण	5
सम्मेलन	5
सरासर	5
सलादीन	5
सलामत	5
साइड	5
साम्यवादी	5
साम्राज्य	5
सिंगापुर	5
सिक्का	5
सिगार	5
सिद्धांत	5
सिवाय	5
सीखो	5
सील	5
सुअरों	5
सुपरहिट	5
सुरंग	5
सैर	5
सोलह	5
स्टेसी	5
स्तंभ	5
स्थान	5
स्याही	5
स्वयं	5
स्वार्थी	5
स्वीटी	5
ह	5
हंसी	5
हटाओ	5
हड़बड़ी	5
हमज़ा	5
हरामी	5
हाफ़िज़	5
हारे	5
हास्यास्पद	5
हीरो	5
हैप्पी	5
होंठ	5
होकर	5
होगे	5
ज़ोर	5
“	5
...	4
अंधेरा	4
अकलमंद	4
अकेली	4
अत्यंत	4
अनंतलक्ष्मी	4
अनुसंधान	4
अन्दर	4
अपमान	4
अफसोस	4
अभिमानी	4
अमर	4
अमरीका	4
अमेरिकी	4
अलावा	4
असर	4
आँगन	4
आंख	4
आइंस्टीन	4
आइसक्रीम	4
आईना	4
आऊँगा	4
आक्रमण	4
आण्विक	4
आत्मसमर्पण	4
आबादी	4
आयु	4
आवाज़ें	4
इंडोनेशिया	4
इंतज़ार	4
इज़	4
इनसु	4
इलज़ाम	4
इलाज	4
इलेक्शन	4
इस्तेमाल	4
ईमानदार	4
ईमानदारी	4
ईरानी	4
उच्च	4
उपग्रह	4
उपयोग	4
उल्टी	4
एकता	4
एक्सक्यूज	4
एडेला	4
एतना	4
एब्सेंट	4
ऐलिस	4
ऑल	4
औरतों	4
कंकड़	4
कक्षा	4
कट	4
कड़े	4
कतार	4
कद्दू	4
कनेक्शन	4
कन्नड़	4
कब्र	4
करत	4
करदो	4
कराटे	4
करीं	4
कर्ट	4
कलम	4
कवर	4
क़रीब	4
काग़ज़	4
काज	4
काना	4
कानून	4
कायर	4
कायो	4
कार्य	4
किली	4
किस्मत	4
कीजिएगा	4
कीड़ा	4
कुआँ	4
कुर्सियाँ	4
कूदना	4
कृत्रिम	4
केंद्र	4
कॉलिन	4
कोयल	4
कोयले	4
कोल	4
कौवा	4
कौशल	4
क्यो	4
क्रिया	4
क्लब	4
क्लासिक	4
खज़ाना	4
खत	4
खरीदारी	4
ख़रीद	4
ख़रीदा	4
खान	4
खिलाड़ी	4
खिलाफ	4
खिलौना	4
खींचिए	4
खींची	4
खुले	4
खोजो	4
गंगा	4
गजब	4
गज़ब	4
गति	4
गद्दार	4
गलतफहमी	4
ग़ायब	4
ग़ैरक़ानूनी	4
गाऊंगा	4
गाड़ियाँ	4
गिरफ्तार	4
गिलहरी	4
गीला	4
गीले	4
गुदा	4
गुलदान	4
गॉबर	4
गो	4
गोभी	4
ग्रेग	4
घी	4
घुमा	4
घुस	4
घूमाते	4
घूर	4
घेर	4
चढ़ना	4
चर	4
चलत	4
चलाइए	4
चलूँगा	4
चलोगी	4
चाबियाँ	4
चाहतीं	4
चाहा	4
चिढ़	4
चीज़ों	4
चीजों	4
चुन	4
चुम्मा	4
चूत	4
चूर	4
चोटी	4
छलांग	4
छाती	4
छींक	4
छूना	4
छोड़ा	4
जगा	4
जनरल	4
जल्‍दी	4
जाई	4
जाऊँ	4
जानकारी	4
जानी	4
जाय	4
जाला	4
जिमखाने	4
जियो	4
जिराफ़	4
जीतना	4
जीन	4
जुगनू	4
जेनिबा	4
ज्ञान	4
झंडे	4
झप्पी	4
टच	4
टब	4
टा	4
टुकड़े	4
टॉमने	4
ट्रिगर	4
ट्रोल	4
डटे	4
डब्बे	4
डरावनी	4
डांस	4
डालदो	4
डालें	4
डिंग कम्प्यूटर	4
डिस्क	4
डैडी	4
डॉ. अनु	4
डोंट	4
ड्रामा	4
ढूँढ	4
ढूंढते	4
तबड़क	4
तरबूज़	4
तलवार	4
ताओवादी	4
ताकतवर	4
ताज	4
ताज़े	4
तारीख	4
तेज़ी	4
तैरने	4
तैसी	4
तोप	4
तोहफ़े	4
थका	4
थाइलैंड	4
थियेटर	4
थुचुक	4
थैंक्स	4
थोड़ा	4
थोड़ी	4
दफ़न	4
दफ्तर	4
दाम	4
दिखती	4
दिखाएँ	4
दिखाता	4
दिखाना	4
दिखाने	4
दिल्ली	4
दुआ	4
दुशमन	4
दूं	4
दूरदर्शी	4
दूरी	4
दूसरों	4
देते	4
देरी	4
देवता	4
दौड़ता	4
दौड़ो	4
धातु	4
धारा	4
नक़्शे	4
नजमा	4
नटखट	4
नन्हे	4
नहा	4
नाखून	4
नाथ	4
नाना	4
नानी	4
नास्तिक	4
निकालना	4
निगल	4
निर्दोष	4
निशाना	4
नीले	4
नुकीला	4
नूडल	4
नो फ़ेस	4
नौकरानी	4
पंद्रह	4
पकाया	4
पक्ष	4
पढ़ते	4
पन्ने	4
पर्स	4
पहचानो	4
पहनना	4
पहुंच	4
पाइ	4
पानिनी	4
पास्ता	4
पुनः	4
पुरस्कार	4
पुराने	4
पुर्तगाल	4
पुर्त्तगाली	4
पैदल	4
पैसेवाली	4
पोषण	4
प्यासा	4
प्रकृति	4
प्रणाली	4
प्रोफेसर	4
फ़ादिल	4
फ़िक्र	4
फ़ोटो	4
फाइटर	4
फायदा	4
फिसल	4
फुट‍बॉल	4
फेयर	4
फैल	4
फ्रेंच	4
ब	4
बग़ीचा	4
बचाई	4
बचाना	4
बताएं	4
बदतर	4
बनाए	4
बनाएँ	4
बनाते	4
बनोगे	4
बरबाद	4
बर्दाश्त	4
बलियान	4
बलोच	4
बसे	4
बहरा	4
बाँट	4
बांग्लादेश	4
बाएँ	4
बाथरूम	4
बादशाह	4
बाबूजी	4
बालों	4
बियाह	4
बुद्धू	4
बुढ़िया	4
बे	4
बेचता	4
बेचते	4
बेट	4
बेतुका	4
बेहद	4
बैंकर	4
बैचलर पार्टी	4
बैल	4
ब्राज़ीली	4
ब्रेक	4
ब्रेड	4
भगा	4
भव्य	4
भागता	4
भागी	4
भावना	4
भूकंप	4
भूखा	4
भूमिगत	4
भूलता	4
भेजें	4
भ्रम	4
मंदाकिनी	4
मज़ाक़	4
मरे	4
मरो	4
मरौसिया	4
मर्द	4
मस्जिद	4
मस्तिष्क	4
महिलाएँ	4
मा	4
माँगे	4
माइलर	4
मात	4
माथे	4
मारता	4
मिट्टी	4
मिर्च	4
मीट	4
मीटलग	4
मीठे	4
मुक्का	4
मुक्त	4
मुख्य	4
मुड़कर	4
मुफ्त	4
मुस्कुराओ	4
मेज	4
मेहरूम	4
मैच	4
मैरिज	4
मॉली	4
मोड़	4
मोड़ो	4
मोती	4
मोनाली	4
मोनाली ठाकुर	4
मौके	4
यक	4
यकीनन	4
यीशु	4
योहान	4
रखने	4
रखिए	4
रसायन	4
रहूँगी	4
राख	4
राघव	4
रातभर	4
राष्ट्र	4
राह	4
रिश्वत	4
रुका	4
रुपये	4
रॉक अॅन्ड रोल	4
रोकने	4
रोमन	4
लगाए	4
लड़	4
लड़कों	4
लम्बे	4
लहर	4
लाना	4
लिफ़्ट	4
लिफाफे	4
लीं	4
लूँगी	4
लूंगा	4
लेती	4
लेनी	4
लोगी	4
लौटें	4
लड़को	4
वज़ीर	4
वन	4
वर्ग	4
वापसी	4
विकिरण	4
विज़ी	4
विद्यार्थी	4
विधि	4
वैक्यूम क्लीनर	4
वैध	4
व्यवस्था	4
व्यापार	4
शाकारी	4
शाबाश	4
शामिल	4
शासक	4
शिकार	4
शिक्षा	4
शिर	4
शिशु	4
शीना	4
शैल	4
शौक	4
श्राप	4
श्री विक	4
श्रीलंका	4
सँभालो	4
संघीय	4
संदेश	4
संबंध	4
संभलकर	4
संस्कृत	4
सच्ची	4
सत्य	4
सन्तरा	4
सप्ताह	4
सफेद	4
सबकी	4
सबने	4
सब्ज़ी	4
सभा	4
समझने	4
समिति	4
सराहना	4
सर्वश्रेष्ठ	4
सवेरे	4
साँप	4
साइन	4
साइमन	4
साथी	4
सामग्री	4
सिखाती	4
सिरदर्द	4
सुंदरता	4
सुनना	4
सुनहरी	4
सुपर	4
सुपरस्टार	4
सुशी	4
सेट	4
सोडा	4
सोफी	4
सौर	4
स्नान	4
स्वीकार	4
स्वीडिश	4
हँसी	4
हँसें	4
हंसने	4
हड्डी	4
हत्यारा	4
हमार	4
हसीना	4
हाफिज़	4
हिट	4
हिन्दी	4
हिमलर	4
हिल	4
हिलना	4
हुकूमत	4
हेल	4
हेलेन	4
हॉट	4
होंगी	4
होई	4
ज़्यादा	4
फ़िल्म	4
—	4
अंगारा	3
अंधों	3
अक़्ल	3
अखरोट	3
अगस्त	3
अग्रिम	3
अजगर	3
अज्ञात	3
अटक	3
अधिकतम	3
अधीन	3
अध्यापिका	3
अनाज	3
अनुपस्थित	3
अनुबंध	3
अनैच्छिक	3
अपमानजनक	3
अपहरण	3
अप्रैल	3
अफवाह	3
अफ़्रीकी	3
अब्बू	3
अभिक्रिया	3
अमांडा	3
अमेरिका	3
अरशद पप्पू	3
अल्बर्ट आइंस्टीन	3
अवकल	3
अवसर	3
असंभव	3
असफल	3
असभ्य	3
अस्सलाम	3
अहंकारी	3
अहमद	3
आंखों	3
आंसू	3
आईए	3
आउंगी	3
आउट	3
आऊँ	3
आऊंगा	3
आज़ादी	3
आजीवन	3
आटा	3
आदी	3
आधार	3
आधे	3
आब	3
आमने	3
आरामदायक	3
आर्घ	3
आलम	3
आलम भाई	3
आलू	3
आवऽ	3
आश्चर्यजनक	3
इंग्लैंड	3
इंजन	3
इकट्ठा	3
इग्नोर	3
इज	3
इज़राइल	3
इट्स	3
इत्र	3
इनके	3
इन्टरनेट	3
इमरजेंसी	3
इरादे	3
इशारे	3
इश्क़	3
इहाँ	3
ईमान	3
उंगली	3
उज़ैर	3
उड़ाता	3
उतरना	3
उतारना	3
उतारी	3
उत्सव	3
उन्होने	3
उपाय	3
उबल	3
उमर	3
उर्दू	3
उलटी	3
उज़ैर मियाँ	3
उड़ा	3
एंथनी	3
एकॉन	3
एड्रेस	3
एथेंस यूनान	3
एन	3
एमओपी	3
एम्ब्युलेन्स	3
एह	3
ऑक्सिटन	3
ऑस्कर	3
ओकरा	3
ओय	3
क	3
कइसन	3
कक्ष	3
कच्चा	3
कदर	3
कपड़े	3
कबाब	3
कबो	3
कभार	3
कमजोर	3
कमाओगे	3
कमिला	3
करब	3
करवा	3
कराना	3
कला	3
कवना	3
कहे	3
कहेगा	3
काँच	3
काटना	3
काटें	3
काटोगे	3
काबू	3
कामो	3
कार्यालय	3
कार्लो	3
किए	3
किट	3
किला	3
कीनू	3
कुंआ	3
कुचल	3
कुपया	3
कू	3
कूल	3
कृपा	3
केराक	3
केहू	3
कैन	3
कैप्टन	3
कोक	3
कोच	3
कोड	3
कोन	3
कोने	3
क्रूर	3
क्रेडिट कार्ड	3
क्रोध	3
क्षण	3
खजाना	3
खरीदने	3
ख़तरनाक	3
ख़िलाफ़	3
खाई	3
खाए	3
खाएं	3
खाओगी	3
खाद्य	3
खिडकी	3
खिला	3
खिलाया	3
खिलौने	3
खीरा	3
खुजली	3
खुदे	3
खुल	3
खुशबू	3
खोजनी	3
खोजने	3
खोली	3
गंतव्य	3
गंदगी	3
गंदी	3
गंदे	3
गइल	3
गली	3
ग़रीब	3
ग़ुस्सा	3
गांड	3
गांडू	3
गिनता	3
गिरने	3
गिरी	3
गिली	3
गुजर	3
गुड मॉर्निंग	3
गुदगुदी	3
गुल	3
गैस	3
गॉड	3
गोद	3
गोलाकार	3
गोलियां	3
गौरव	3
घातक	3
घोड़े	3
घोसले	3
चक्कर	3
चक्र	3
चखा	3
चटनी	3
चट्टान	3
चढ़ा	3
चमच	3
चमत्कार	3
चलाई	3
चलाते	3
चश्म	3
चारा	3
चाहेगा	3
चाहोगी	3
चिड़ियाँ	3
चिल्लाओ	3
चिल्लाना	3
चिल्लाया	3
चीत	3
चुटकी	3
चुड़ैल	3
चुनौती	3
चुस	3
चूं	3
चूक	3
चूतिये	3
चूना	3
चूम	3
चूस	3
चूसा	3
चूसो	3
चूहे	3
चैंपियन	3
चैनल	3
चौकीदार	3
चौड़ा	3
चौपट	3
च्	3
चढ़	3
छतरी	3
छांछड़	3
छिड़कना	3
छिपा	3
छुको	3
छुरा	3
छू	3
छोड़ने	3
जन	3
जनता	3
जमीन	3
जले	3
ज़ार	3
ज़िच	3
ज़िद	3
ज़ेउस	3
जाति	3
जादूगरनी	3
जाया	3
जाये	3
जिद्दी	3
जिसने	3
जीतने	3
जीतीं	3
जीनियस	3
जूता	3
जोकर	3
जोखिम	3
जोहानस	3
ज्वालामुखी	3
झूला	3
टक	3
टर्न	3
टिमी	3
टेड	3
टेडी	3
टैक्स	3
टैग	3
टोफ़ू	3
टोस्ट	3
ट्रैफिक	3
ठहरो	3
ठाक	3
डंडा	3
डकैती	3
डफर	3
डराता	3
डरावना	3
डाँट	3
डाक	3
डाक्टर	3
डायपर	3
डालूँगा	3
डिलीवरी	3
डूबते	3
डेकिन्स	3
डेढ़	3
डेस्क	3
ड्यूटी	3
ड्रॉप	3
ढूँढ़ना	3
ढूंढना	3
ढूंढो	3
ढेर	3
ढोल	3
तबाह	3
तभी	3
तरकीब	3
तर्क	3
तसवीर	3
ताजा	3
ताजी	3
तारामंडल	3
ताला	3
तिबरियास	3
तीसरी	3
तुम्हीं	3
तूफ़ान	3
तेहरान	3
तोड़	3
त्रिविम	3
त्वरित	3
थम	3
थाई	3
थैंक यू	3
थ्रेन	3
दक्षिणी	3
दबा	3
दमिश्क सीरिया	3
दांत	3
दाढ़ी	3
दानिया	3
दाहिने	3
दिक्कत	3
दिखाइए	3
दिखाऊं	3
दिनचर्या	3
दिला	3
दिवाली	3
दीवारों	3
दूँगी	3
दूल्हे	3
दृश्य	3
देखनी	3
देखेंगे	3
देस	3
द्रिश्य	3
धीमी	3
धीमे	3
धोओ	3
धोका	3
ध्रुव	3
ध्वनि	3
नक्शा	3
नज़ारा	3
नताशा	3
नब्ज़	3
नम्बर	3
नर्म	3
नशे	3
नहाता	3
नाप	3
नामुमकिन	3
नारा	3
नारियल	3
नाश	3
निंदा	3
निकलने	3
निडर	3
निभाना	3
निमित्त	3
निर्दयी	3
निर्मित	3
निवेदन	3
निश्चय	3
निहाद	3
निहित	3
नींव	3
नीच	3
नीति	3
नेनाह	3
नॉर्टन	3
नौसेना	3
न्यूज़	3
नफ़रत	3
पंख	3
पंखों	3
पंथ	3
पक्की	3
पकड़े	3
पड़ाव	3
पड़े	3
पढ़ता	3
पढ़ती	3
पत्ता	3
पन्द्रह	3
पपीज़	3
परंतु	3
परिवहन	3
परोसा	3
परोसो	3
पर्वत	3
पलक	3
पशु	3
पहनी	3
पहाड़ी	3
पहुँचाई	3
पहुँची	3
पाउ	3
पाएगा	3
पाओगी	3
पाठशाला	3
पात्र	3
पाप	3
पारिवारिक	3
पार्क	3
पाल	3
पासपोर्ट	3
पिंजरा	3
पिघल	3
पिछली	3
पीक	3
पीटर	3
पीड़ित	3
पीतीं	3
पुलीस	3
पूँछ	3
पूँछा	3
पूछता	3
पूरब	3
पेपे	3
पेय	3
पैक	3
पैकिंग	3
पैरोल	3
पोकर	3
पोलिश	3
प्याला	3
प्रजा	3
प्रतिभा	3
प्रतीक	3
प्रदर्शन	3
प्रधान	3
प्रयत्न	3
प्रशंसा	3
प्राकृत	3
प्रेशर	3
पढ़ाई	3
पढ़ो	3
फटने	3
फरमान	3
फ़ायदा	3
फ़ॉर्म्यूला	3
फ़्रांसिस	3
फ़्लाइट	3
फाइल	3
फायरिंग	3
फार्म	3
फिंकल	3
फीस	3
फूलों	3
फेजेलीन	3
फेरे	3
फोर्ट हैनकॉक	3
फोड़	3
फौरन	3
फ्रांस	3
बंक	3
बकतर	3
बकरियों	3
बगीचा	3
बचाइए	3
बचेगा	3
बजाओ	3
बढिया	3
बताऊंगा	3
बताएँ	3
बताओगे	3
बताती	3
बताये	3
बदलाव	3
बनता	3
बनाएं	3
बनाने	3
बनायी	3
बनी	3
बनेगा	3
बरस	3
बरसात	3
बर्लिन	3
बलवान	3
बहेलिए	3
बांध	3
बार्ड	3
बालियान	3
बाह	3
बाहरी	3
बिंगो	3
बिंदास	3
बिलबो	3
बिल्ले	3
बी	3
बीत	3
बीतता	3
बीबी	3
बीबीसी	3
बीयर	3
बुख़ार	3
बुद्धिमान	3
बुरे	3
बुल्ला	3
बू	3
बेघर	3
बेच	3
बेर	3
बैन	3
बॉयफ़्रेंड	3
बोतलें	3
बोलेगा	3
बोलोगे	3
बौने	3
ब्रह्माण्ड	3
ब्रूनो	3
ब्लेड	3
भंग	3
भटक	3
भयंकर	3
भरकर	3
भरनी	3
भरेगा	3
भाभी	3
भालू	3
भाषण	3
भूखे	3
भूगोल	3
भूलूँगा	3
भेजता	3
भेड़िये	3
भेड़ियों	3
भेस	3
भोंकना	3
मंगल	3
मंज़िल	3
मंज़िलें	3
मक्खी	3
मचा	3
मजा	3
मतलबी	3
मनाया	3
मरता	3
मरवा	3
मरीज	3
मरें	3
मल	3
मलेशिया	3
मल्हार	3
मसाला	3
मसीहा	3
महंगा	3
महादानव	3
महाराज	3
महासागर	3
मांगी	3
माउंटेन	3
माध्यम	3
मानक	3
माननी	3
मामूली	3
माय	3
मारिका	3
मारें	3
मार्ग	3
माल	3
मिंक	3
मिटाइए	3
मिटाओ	3
मिमी	3
मिलती	3
मिलिए	3
मिसेज	3
मुंबई	3
मुख	3
मुखबरी	3
मुच	3
मुट्ठी	3
मुड़	3
मुड़ो	3
मुफ़ीद	3
मेकअप	3
मेन्नाद बाया	3
मैथ्स	3
मॉल	3
मोमबत्ती	3
मोर	3
मोरो	3
मोहल्ले	3
मौज	3
म्म	3
मज़ा	3
यस	3
याददाश्त	3
यीशु मसीह	3
युग	3
यूरोप	3
योनि	3
यौन	3
रंगे	3
रकम	3
रक्त	3
रखेंगे	3
रणजीत	3
रद्द	3
रहनी	3
रहले	3
रहऽ	3
रहित	3
राउर	3
राज़ी	3
रात्री	3
राशन	3
राष्ट्रीय	3
रिपोर्ट	3
रिश्ता	3
रिश्तेदार	3
रुकें	3
रुपए	3
रूक	3
रेनाल्ड डी चैटिलॉन	3
रैन	3
रैली	3
रोकना	3
रोगी	3
रोड	3
रोता	3
रोते	3
लगाते	3
लगाव	3
लगें	3
लघु	3
लटकाओ	3
लड़कियां	3
लड़कियों	3
लड़ना	3
लड़ूंगा	3
लड़ूंगी	3
लम्बी	3
लव	3
लवली	3
लाता	3
लाते	3
लाहौर	3
लिंग	3
लिखिए	3
लिखे	3
लिखोगे	3
लिफाफा	3
लुंड	3
लुका	3
लूं	3
लूटने	3
लोड	3
लोबो	3
लोमड़ी	3
लौडु	3
लड़की 	3
वजन	3
वफादार	3
वयस्क	3
वरिष्ठ	3
वर्ष	3
वसा	3
वस्तु	3
वांगडू	3
वाल्का	3
वास्तविक	3
वाड़ा	3
वाड़े	3
विक	3
विदाई	3
विदेशी	3
विफल	3
विरोध	3
विलोम	3
विविधता	3
वेगस	3
वेतन	3
वॉच	3
व्हाट	3
वक़्त	3
शटअप	3
शतरंज	3
शपथ	3
शब्दों	3
शरमाओ	3
शर्मिंदा	3
शस्त्र	3
शह	3
शारीरिक	3
शाही	3
शुक्र	3
शूट	3
शून्य	3
शैंपेन	3
श्वेत	3
सँभलकर	3
संकेत	3
संदर्भ	3
संभालने	3
संभोग	3
संरक्षण	3
संवेदनशील	3
सकूँ	3
सक्रिय	3
सच्चाई	3
सत्यानाश	3
सत्यापन	3
सदी	3
सनकी	3
सफल	3
सफलता	3
सब्र	3
समझकर	3
समझोगे	3
समूह	3
सरवन	3
सरस्वती	3
सलामी	3
सशस्त्र	3
सहन	3
सहना	3
सहानुभूति	3
सहारा	3
सांप	3
साक्षी	3
सागर	3
साढ़े	3
साधारण	3
साबुन	3
सामना	3
सामाजिक	3
सामी लैला	3
सारासेन्स	3
सावधानी	3
सिखा	3
सिखाता	3
सितारा	3
सिनेमा	3
सियाही	3
सींग	3
सीखें	3
सीट बेल्ट	3
सीटें	3
सुए	3
सुख	3
सुथरा	3
सुनने	3
सुपरमैन	3
सुहानी	3
सुहावने	3
सुहास	3
सूअर	3
सेंटेंस	3
सेतु	3
सेबस्टियन	3
सैनटिनो	3
सोई	3
सोचता	3
सोचते	3
सोमवार	3
सौभाग्य	3
स्कर्ट	3
स्खलन	3
स्टीफ़न	3
स्टेला	3
स्टॉइक	3
स्टॉर्मफ़्लाइ	3
स्वतंत्रता दिवस	3
सड़क	3
हँसने	3
हउवें	3
हजार	3
हटाएं	3
हड़पने	3
हमको	3
हर्बल	3
हल्ला	3
हवाले	3
हांगकांग	3
हाथी	3
हालांकि	3
हाव	3
हाशिमोतो	3
हाहा	3
हिंद	3
हुँ	3
हुईं	3
हुक	3
हैग	3
होनोलूलू	3
होमवर्क	3
होलकर	3
होल्ड	3
ज़रा	3
ज़रूर	3
 ह	2
84 अक्तूबर	2
86 अक्तूबर	2
अँगुठी	2
अंक	2
अंगारे	2
अंगूठी	2
अंगूर	2
अंतर्राष्ट्रीय	2
अंदाज	2
अंधविश्वासी	2
अकल	2
अकेलापन	2
अखलाक	2
अग्नि	2
अच्छाई	2
अजमल	2
अजय	2
अटका	2
अटैची	2
अतिदेय	2
अतिरिक्त	2
अदला	2
अधिकारी	2
अधिनियमित	2
अध्ययन	2
अनदेखा	2
अनन्त	2
अनबिलीवेबल	2
अनसुना	2
अनार	2
अनिवार्य	2
अनुकरणीय	2
अनुक्रम	2
अनुनाद	2
अनुवादक	2
अनुशासन	2
अनूठा	2
अनोखा	2
अन्त	2
अपनाया	2
अपराधी	2
अपेक्षा	2
अपौइंटमेंट	2
अफ़वा	2
अफ़सर	2
अफेयर	2
अबू तारेक	2
अभिनय	2
अभिनेताओं	2
अभ्यास	2
अभ्रक	2
अमेरिकन	2
अम्मी	2
अरमान	2
अरेंज	2
अरेखित	2
अर्जित	2
अर्थशास्त्र	2
अलग-अलग	2
अलमारी	2
अल्जीरिया	2
अल्फ्रेडो	2
अवगत	2
अवस्था	2
अश्कलोन	2
अश्लील	2
असंवेदनशील	2
असलियत	2
असहनीय	2
असहायों	2
अस्तित्व	2
अस्त्र	2
अहम	2
अहा	2
आँकड़ा	2
आँखे	2
आंखें	2
आंशिक	2
आइ	2
आइना	2
आइस	2
आईपी	2
आउंगा	2
आऊट	2
आएंगी	2
आके	2
आखरी	2
आख़िर	2
आख़िरकार	2
आखिर	2
आजमा	2
आजमाएं	2
आज़ार	2
आजाओ	2
आत्मविश्वास	2
आत्महत्या	2
आदरणीय	2
आधुनिक	2
आपन	2
आपेक्षिकता	2
आफ़्रिका	2
आभासी	2
आमंत्रित	2
आमना	2
आमलेट	2
आलूओं	2
आलेकुम	2
आवाज़	2
आविष्कार	2
आशाम	2
आश्रय	2
आसन	2
आस्था	2
इंजीनियरिंग	2
इंसाफ	2
इंसाफ़	2
इकट्ठी	2
इक्कीस	2
इग्नत	2
इचिरो तानाका	2
इडियट	2
इडियट्स	2
इत्तेहाद	2
इथे	2
इनसे	2
इन्होंने	2
इब्न	2
इमरान	2
इमरान खान	2
इराक	2
इल्जाम	2
इवनिंग	2
इशारा	2
इश्वर	2
इज़्ज़त	2
ईंधन	2
ईगल्स	2
ईशान अवस्थी	2
उंगलियों	2
उगला	2
उगेगा	2
उग्र	2
उचित	2
उछल	2
उठता	2
उठने	2
उठाए	2
उठाया	2
उठी	2
उड़ता	2
उड़ते	2
उड़ने	2
उड़ो	2
उतरिए	2
उतरेगा	2
उत्तरी	2
उदजन	2
उद्योग	2
उनको	2
उपकला	2
उपचार	2
उपयोगी	2
उफ़	2
उबले	2
उबासी	2
उम	2
उलझ	2
उलझन	2
उसमे	2
उसीको	2
उहाँ	2
ऊँचे	2
ऊन	2
ऊष्मागतिक	2
ऊष्मीकरण	2
एंडुइन	2
एकजुट	2
एकड़	2
एकर	2
एके	2
एक्सप्लेन	2
एच	2
एडोल्फ़	2
एन्क्रिप्टेड	2
एमबीए	2
एम्फीथिएटर	2
एयरपोर्ट	2
एलेनोर	2
एलेनोर यंग	2
एवं	2
एवन	2
एवरीथिंग्स	2
एसईबी	2
एसटर	2
एसपी चौधरी असलम	2
एसी	2
एस्केलेटर	2
एहिजा	2
ऐन	2
ऐलन	2
ऐश	2
ऑनलाइन	2
ऑपेरा	2
ऑफ	2
ऑर्डर	2
ओढ़े	2
ओपन	2
ओरेकल	2
ओलिवर	2
ओसाकावासी	2
औकात	2
औरडर	2
कंघी	2
कंजूस	2
कंट्रोल	2
कइल	2
कक्षक	2
कचूमर	2
कच्ची	2
कच्चे	2
कटना	2
कटा	2
कटोरियाँ	2
कड़वी	2
कड़ाही	2
कथन	2
कथनी	2
कदमों	2
कबड्डी	2
कबसे	2
कमर	2
कमा	2
कमाओ	2
कमाता	2
कमीना	2
कम्पनि	2
कम्प्यूटर	2
कम्युनिस्ट	2
करतीं	2
करदोगे	2
करवाया	2
करऽ	2
करुंगा	2
करूँगी	2
करूंगी	2
करोड़	2
कर्तव्य	2
कल्पना	2
कल्पित	2
कविताएँ	2
कहकर	2
कहत	2
कहती	2
कहल	2
कहें	2
कहेंगी	2
कहोगी	2
कहोगे	2
क़त्ल	2
क़ब्र	2
क़ुरान	2
काँय	2
कांग्रेचुलेशंस	2
कांट्रैक्ट	2
काइज़र	2
काउंट ऑव क्रिस्को	2
कागज़ात	2
कागज़ी	2
काटते	2
काटने	2
काटा	2
काटो	2
कानी	2
कामनाएँ	2
कामरेड	2
कामिकाज़े	2
कायम	2
काया	2
कारमाइकल	2
कारवां	2
कारावास	2
कारोबार	2
कार्टून	2
कार्ड	2
कार्बनिक	2
कार्यकर्ताओं	2
कार्ल	2
कालिखों	2
काल्ह	2
काॅफी	2
किंवदंती	2
किक	2
किच	2
किडू	2
किडो	2
किड्डो	2
कितनीं	2
किता	2
किन	2
किरण	2
किराया	2
किराये	2
किशोरों	2
किसीने	2
कीव	2
कुंडा	2
कुक	2
कुकी	2
कुपोषण	2
कुरसियाँ	2
कूल्हे	2
केंद्रीय	2
केट	2
केटल	2
केतली	2
केदार	2
केबलों	2
केयू	2
केरल	2
केले	2
कैंची	2
कैंसल्ड	2
कैद	2
कैदी	2
कैनटीन	2
कैनेडियन	2
कैप्रोनी	2
कैफ़े	2
कैल स्टेट फुलरटन	2
कैसाब्लांका	2
कैसियन	2
कॉकटेल	2
कॉन्सर्ट	2
कोआले	2
कोईसा	2
कोटरी	2
कोण	2
कोनसी	2
कोपेनहेगन	2
कोबे	2
कोयला	2
कोरिया	2
कोरियाई	2
कोर्ट	2
कोलंबिया	2
कोशिकाएं	2
कोसोवो	2
कोहरा	2
कोहाकू	2
कौंसि	2
कौढ़ी	2
कौण	2
कौपी	2
क्य	2
क्योकि	2
क्राउनिंग	2
क्रिस फ्लिन	2
क्रीम	2
क्रुसेडर्स	2
क्रोधित	2
क्लिप	2
क्वार्ट्ज	2
खच्चर	2
खट	2
खटोला	2
खनानी	2
खबरें	2
खरपतवार	2
खरीदता	2
खरीदे	2
खरीदेंगे	2
खर्च	2
ख़बरें	2
ख़ाली	2
ख़ूनी	2
खाँसी	2
खांसी	2
खाऊंगी	2
खाट	2
खानी	2
खामोश	2
खायें	2
खाल	2
खासकर	2
खासा	2
खिच	2
खिड़कियाँ	2
खिलते	2
खिलाईएगा	2
खिलाएं	2
खिलाओ	2
खिलायी	2
खुचा	2
खुबस	2
खुशखबर	2
खूनी	2
खेलतीं	2
खेलीं	2
खोई	2
खोजी	2
खोद	2
खोया	2
खोलिए	2
गंभीरता	2
गईल	2
गड़ा	2
गणतंत्र	2
गणतन्त्र	2
गणितीय	2
गन्ने	2
गम	2
गयीं	2
गरमी	2
गर्मियाँ	2
गर्लफ्रेंड	2
गलियारा	2
गवां	2
गहना	2
ग़ुस्से	2
गाइ डे लुसिगनन	2
गाएँ	2
गाडीयाँ	2
गानों	2
गायत्री	2
गायन	2
गाया	2
गायें	2
गारंटी	2
गार्डों	2
गिरल	2
गिराओ	2
गिरेगा	2
गुंजाईश	2
गुंडा	2
गुजरात	2
गुज़रा	2
गुठलियों	2
गुड लक	2
गुड़गुड़ा	2
गुड़ियों	2
गुना	2
गुप्त	2
गुब्बारा	2
गुब्बारे	2
गुरुवार	2
गुलाब जामुन	2
गुलामी	2
गू	2
गूगल देवराज	2
गेस	2
गैरेज	2
गैलीलियो	2
गैलेक्सी	2
गॉडफ्रे	2
गोबर	2
ग्रहण	2
ग्रहीय	2
ग्राहक	2
ग्रिंगा	2
ग्रीक	2
ग्रेट हॉल	2
ग्रेनेड	2
ग्लास	2
घडी़	2
घनिष्ठ	2
घबरा	2
घरें	2
घुसाना	2
घूंट	2
घूमना	2
घूमा	2
घूरा	2
घेरा	2
घोटाला	2
घोडा	2
चंद	2
चख	2
चचेरा	2
चचेरे	2
चटा	2
चट्टानों	2
चढ़ेगा	2
चना	2
चपटी	2
चमकता	2
चमके	2
चरने	2
चरमोत्कर्ष	2
चलन	2
चलाएंगे	2
चलाती	2
चलाने	2
चलाया	2
चलिये	2
चहरा	2
चाँटे	2
चाँदनी	2
चादर	2
चादरें	2
चार्जर	2
चावी	2
चाहेंगी	2
चिकना	2
चिकनी	2
चित्र	2
चित्रकला	2
चिपके	2
चिरसम्मत	2
चिल्लाता	2
चीज़	2
चुकीं	2
चुनाव	2
चुनिए	2
चुनी	2
चुने	2
चुपचाप	2
चुम्बन	2
चूमना	2
चूमने	2
चूहें	2
चे	2
चेंज	2
चैटिलोन	2
चैप्टर	2
चोदता	2
चोदिये	2
चौथा	2
चढ़ो	2
छंट	2
छठा	2
छाते	2
छात्र	2
छिप	2
छिपाइए	2
छुट्टियाँ	2
छुपाती	2
छुपाते	2
छुपी	2
छोड़दी	2
छोड़ूँगा	2
छोड़ेंगे	2
छोड़ो	2
जंक्शन	2
जगाओ	2
जगाया	2
जघन	2
जचता	2
जन्मी	2
जन्मे	2
जबकि	2
जम	2
जमील भाई	2
जमे	2
जलकर	2
जलती	2
जलन	2
जलवायु	2
जलाए	2
जलाती	2
जस्ट	2
जहर	2
जहा	2
जहाँपनाह	2
ज़ख्मी	2
ज़हरीली	2
ज़हरीले	2
ज़ारागोज़ा	2
ज़िन्दा	2
ज़िन्दाबाद	2
ज़ुबान	2
ज़ू	2
जांच	2
जाइये	2
जाऊंगीं	2
जाऐं	2
जाओगी	2
जागता	2
जागना	2
जागने	2
जागृत	2
जागे	2
जाणा	2
जादुई	2
जादूगर	2
जादूगरों	2
जानने	2
जाम्बैग	2
जारक	2
जारेय	2
जाली	2
जाव	2
जिंग	2
जिमी	2
जिम्मेदारी	2
जिला	2
जिस	2
जिसका	2
जिसके	2
जिसमें	2
जीतता	2
जीती	2
जीतेगा	2
जीतेगी	2
जीप	2
जीवविज्ञान	2
जुंग	2
जुग	2
जुड़ा	2
जुर्म	2
जेट	2
जेन	2
जेनिफर	2
जेनिस	2
जेम्स	2
जेरूसलम	2
जैकेट	2
जैसों	2
जॉनी	2
जॉब इंटरव्यू	2
जॉशुआ	2
जोजो खरगोश	2
जोन	2
जोनस	2
जोभी	2
जोर	2
ज्यादातर	2
ज्योत्षी	2
झटका	2
झटके	2
झुकना	2
झुकी	2
झूले	2
झेल	2
टंकी	2
टक्कर	2
टहलें	2
टायर	2
टावरों	2
टिक	2
टिकता	2
टिप्पणी	2
टिमोथी लेज़्ली टेम्पलटन	2
टिलापिया	2
टी	2
टीना	2
टीमें	2
टीशर्ट	2
टुकुर	2
टू	2
टेको	2
टेक्सन	2
टेक्सास	2
टेक्स्टिंग	2
टेनीस	2
टेबल टेनिस	2
टेरेसा	2
टेलीग्राफ	2
टैंक	2
टॉरियल	2
टोयोटा	2
ट्रम्पेट	2
ट्रांसफर	2
ट्रांसमीटर	2
ट्राई	2
ट्राए	2
ट्रैक्टर	2
ट्रैफ़िक	2
ट्रैसर	2
ठहरना	2
ठहरिए	2
ठहरे	2
ठाँय	2
ठिकाने	2
ठूसे	2
ठो	2
डकैत	2
डच	2
डबल	2
डराती	2
डरावने	2
डरे	2
डांटा	2
डाउन	2
डाकू	2
डाय	2
डार्सी	2
डालकर	2
डालूँगी	2
डालेगा	2
डालेगी	2
डिक्की	2
डिज़ाइन	2
डिलीट	2
डिज़ाइन	2
डील	2
डू	2
डूबा	2
डूरिन	2
डॅन	2
डॉग	2
डॉन	2
डॉलमेन मॉल	2
डोनट	2
डोले	2
डौलर	2
ड्राइव	2
ढक	2
ढका	2
ढक्कन	2
ढम	2
ढलाई	2
ढीला	2
ढुँढ	2
ढूँढता	2
ढोकला	2
तंतु	2
तकबीर	2
तकरीबन	2
तड़पा	2
ततैयां	2
तनाव	2
तन्तु	2
तपस	2
तबसे	2
तबीयत	2
तबे	2
तमाम	2
तमाशा	2
तम्हे	2
तयार	2
तर	2
तरंग	2
तरंगे	2
तरक्की	2
तलाक	2
तवज्जो	2
तह	2
तहार	2
तातोएबा	2
तादाशी	2
तामील	2
तार	2
तारागुच्छ	2
तालीयाँ	2
ताले	2
तिगुनी	2
तिनके	2
तीरंदाज	2
तीर्थ	2
तीसरा	2
तुझको	2
तुरही	2
तुस्सी	2
तैनात	2
तैरकर	2
तैरती	2
तैरते	2
तैरोगे	2
तोओ	2
तोड़ना	2
तोड़ने	2
तोड़ा	2
तोते	2
तोपे	2
तोहफ़ा	2
त्वचा	2
थकान	2
थकी	2
थके	2
थल	2
थाईलेंड	2
थैला	2
थैली	2
थोक	2
थोडे	2
दक्षिणावर्त	2
दगाबाज	2
दबाओ	2
दमिश्क	2
दयालु	2
दर्जन	2
दर्दनाक	2
दर्पण	2
दल	2
दवाइयां	2
दस्तक	2
दही	2
दहेज	2
दांव	2
दाखिल	2
दादाजी	2
दान	2
दामाद	2
दायीं	2
दास	2
दाहिना	2
दाड़	2
दिखाईए	2
दिखाए	2
दिखाएं	2
दिखावा	2
दिखे	2
दिजिए	2
दिलवाओ	2
दिलाई	2
दिली	2
दिवाले	2
दिव्या	2
दिशा	2
दुकानें	2
दुर्घटना	2
दुर्बल	2
दुसरे	2
दू	2
दूत	2
दूरसंचार	2
दूल्हा	2
देंगी	2
देंगीं	2
देखतीं	2
देखूंगा	2
देखोगे	2
देदी	2
देन	2
देव	2
देवताओं	2
देवोनिंकस	2
देशद्रोह	2
देशद्रोही	2
दैट	2
दैट्स	2
दौड़ना	2
दौड़ा	2
दौड़ोगे	2
दौरा	2
द्रव्यमान	2
द्वार	2
द्विघात	2
द्वितीया	2
धकेलिए	2
धकेलो	2
धत	2
धनुष	2
धन्य	2
धमकाया	2
धमाके	2
धार	2
धारावाहिक	2
धीमा	2
धुंध	2
धुरंधर	2
धोबी	2
ध्वज	2
ध्वन्यात्मक	2
नंबरी	2
नईखे	2
नकल	2
नकलची	2
नकाब	2
नजत	2
नज़ारे	2
नज़्म	2
नतीजा	2
नमसते	2
नमाज़	2
नमी	2
नम्रता	2
नये	2
नर्वस	2
नर्सरी	2
नव	2
नशा	2
नसीहत	2
नस्ल	2
नहाओ	2
नहाओगी	2
नहाओगे	2
नहायेंगी	2
ऩही	2
नाओको	2
नाचूँ	2
नाचूँगा	2
नाचें	2
नाचेगा	2
नाज़	2
नाज़ुक	2
नायक	2
नालायक़	2
नाविक	2
नाशक	2
नासमझ	2
निक यंग	2
निकम्मा	2
निकलवाओ	2
निकलें	2
निकाली	2
निकालें	2
निकी	2
निकुंभ	2
निकोलस यंग	2
निगिहायामी	2
निचले	2
निपुण	2
निम्न	2
निरुपित	2
निवेश	2
निष्ठा	2
निष्णात	2
निष्पक्ष	2
निष्पक्षता	2
नीगाता	2
नीयत	2
नुक	2
नुमा	2
नेटवर्क	2
नेता	2
नेस्ट	2
नेहा	2
नैनसी	2
नौचिन	2
नौबढ़	2
नौवे	2
नौसिखिया	2
न्याय	2
न्यूज़	2
नज़र	2
पंगा	2
पंचर	2
पंप	2
पंसद	2
पकड़कर	2
पकड़ेंगी	2
पकड़ोगी	2
पकवान	2
पकाऊँ	2
पकड़ा	2
पछाड़	2
पटरी	2
पटाखे	2
पड	2
पड़ताल	2
पड़ेला	2
पढ़त	2
पढ़तें	2
पतलून	2
पती	2
पत्थरों	2
पदक	2
पदोन्नति	2
पनाह	2
परंपरा	2
परदादी	2
परफेक्ट	2
परमानेंट	2
परसों	2
परामर्शदाता	2
परावर्ती	2
परिक्रमा	2
परिचय	2
परिणामों	2
परियां	2
परियों	2
परिवर्तन	2
पर्ची	2
पर्दे	2
पर्सनली	2
पल्ले	2
पसार	2
पसीना	2
पहनते	2
पहनूंगी	2
पहनोगे	2
पहुँचने	2
पहुँचेंगे	2
पहुंचे	2
पहेली	2
पाँचवाँ	2
पाइप	2
पाइलट	2
पाऊँगा	2
पाओगे	2
पागलों	2
पाती	2
पाने	2
पापी	2
पायलट	2
पार्सल	2
पालक पनीर	2
पिंड	2
पिकचर	2
पिकाचु	2
पिक्चर	2
पिघला	2
पिछ	2
पिछला	2
पिछवाड़े	2
पिछे	2
पिज़्ज़ा	2
पिट्टी	2
पिन	2
पिरामिड	2
पिलाओ	2
पीएपी	2
पीएम	2
पीओ	2
पीजिए	2
पीटते	2
पीटने	2
पीने	2
पीस	2
पुआ	2
पुजारी	2
पुनर्वास	2
पुनर्विवाह	2
पुरस्कारों	2
पुर्तगाली	2
पू	2
पूँछना	2
पूछनी	2
पूछूँगा	2
पूछूं	2
पेटू	2
पेट्रोल	2
पेनसिल	2
पेपन	2
पेपर	2
पेशाब	2
पैटर्न	2
पैडल	2
पैशन	2
पैसेवाला	2
पैसेवाले	2
पॉप	2
पोंछा	2
पोकेमॉन	2
पोती	2
पोते	2
पोलैंड	2
पोशाक	2
पोस्ट	2
पौधे	2
पौष्टिक	2
प्रक्रिया	2
प्रक्षेपण	2
प्रतिदिन	2
प्रतिबंध	2
प्रतिबद्धता	2
प्रतिबिंबित	2
प्रतिभावान	2
प्रतिमा	2
प्रतिरोध	2
प्रतिवादी	2
प्रदान	2
प्रबंधक	2
प्रभावशाली	2
प्रभावित	2
प्रशंसक	2
प्रशंसनीय	2
प्रशांत महासागर	2
प्रसंस्करण	2
प्रसन्न	2
प्रसारण	2
प्राइवेट	2
प्राचीन	2
प्राणघातक	2
प्रिंसिपल	2
प्रिया	2
प्रेमिका	2
प्रेमी	2
प्रेरणादायक	2
प्रॉपर्टी	2
प्रोजेक्ट	2
प्लूटो	2
प्लैन	2
पड़ता	2
पड़ा	2
पड़ेगी	2
पढ़	2
फँस	2
फँसा	2
फदक	2
फरक	2
फरिश्ते	2
फर्श	2
फर्स्ट	2
फसल	2
फ़र्स्ट	2
फ़िकर	2
फ़िलहाल	2
फ़िली	2
फ़िल्मी	2
फ़ुट	2
फ़ेल	2
फ़ैट	2
फ़ॉस्टर	2
फ़ौरन	2
फ़्रांचेस्को	2
फ़्रान्स	2
फ़्रेंच	2
फ़्लैट	2
फाड़	2
फायदे	2
फास्ट	2
फिट	2
फिडीज	2
फिसलती	2
फिसला	2
फील्ड मार्शल	2
फुट	2
फुटबॉल	2
फूँक	2
फूलना	2
फेर	2
फैज़ल	2
फैट	2
फैलाये	2
फैज़ल	2
फोटोज	2
फ्रांसिस	2
फ्रिज	2
फ्री	2
फ्रैंकी	2
फ्रॉ	2
फ्लश	2
फ्लोयड	2
फ्लोरिडा	2
बंटू	2
बंध	2
बइठल	2
बकाया	2
बक्तर	2
बक्सा	2
बख़तर	2
बख़ैर	2
बख़्तर	2
बख्तर	2
बग़ल	2
बचना	2
बचाते	2
बचेगी	2
बजाई	2
बजाती	2
बजाते	2
बजाने	2
बट	2
बड़प्पन	2
बड़ौदा	2
बतख	2
बताइयेगा	2
बताई	2
बताउँगा	2
बताउँगी	2
बताओगी	2
बदबूदार	2
बदमाशी	2
बदलती	2
बदलेगा	2
बदसूरती	2
बनाइये	2
बनाऊं	2
बनाऊंगा	2
बनाएंगे	2
बनाकर	2
बनातें	2
बनूँगा	2
बनें	2
बन्द	2
बमबई	2
बयान	2
बरकरार	2
बर्गडॉर्फ	2
बर्ड	2
बर्ताव	2
बर्नार्ड	2
बर्बर	2
बर्बादी	2
बर्लिन जर्मनी	2
बला	2
बलूचों	2
बहने	2
बहर	2
बहरे	2
बहाने	2
बाँध	2
बाँधना	2
बाँस	2
बाँहों	2
बांये	2
बाएं	2
बाक़ी	2
बाकिर	2
बाड़	2
बाड़ी	2
बाढ़	2
बाती	2
बातों	2
बाबू राव	2
बायीं	2
बारीक	2
बारों	2
बालक	2
बालिन	2
बाल्टीमोर	2
बिक	2
बिकता	2
बिगाड़	2
बिछी	2
बिट	2
बिटकॉइन	2
बिठाया	2
बिताया	2
बिन्यामीन	2
बिल्बो	2
बिल्बो बैगिन्स	2
बिल्लियाँ	2
बिशप	2
बीजिंग चीन	2
बीटा	2
बीतती	2
बीन	2
बुदबुदाना	2
बुलडॉग	2
बुलाई	2
बुलाऊंगा	2
बुलाते	2
बूगी	2
बूझकर	2
बूम	2
बूढ़ा	2
बृहस्पति	2
बॅटर	2
बेक	2
बेचना	2
बेचनी	2
बेचारी	2
बेटो	2
बेड़ा	2
बेड़े	2
बेताज	2
बेबी जीसस	2
बेबी निन्जा	2
बेमतलब	2
बेरुत	2
बेल्च	2
बेवकूफ़ों	2
बेशरम	2
बेशर्म	2
बेसुखद	2
बेहाल	2
बेहोशी	2
बैटरी	2
बैठकें	2
बैठने	2
बैठिये	2
बैठूं	2
बैठें	2
बैरन	2
बॉग्स	2
बॉयफ्रेंड	2
बॉयलर	2
बो	2
बोट	2
बोमन	2
बोरस	2
बोरास	2
बोलिंग	2
बोलिए	2
बोलूँ	2
बोस्टन	2
ब्रश	2
ब्रांड	2
ब्राजियर	2
ब्रीफ़केस	2
ब्रूक्सी	2
ब्रॅड	2
ब्रैड पिट	2
बड़े	2
बढ़ेगा	2
भइल	2
भक्ति	2
भगोष्ठ	2
भजन	2
भट्ठी	2
भतीजा	2
भरते	2
भरने	2
भरे	2
भरो	2
भरोगे	2
भाइयो	2
भागकर	2
भाग्यवान	2
भाग्यशाली	2
भारत सरकार	2
भावहीन	2
भिक्षु	2
भीनी	2
भू	2
भूखें	2
भूरा	2
भूलने	2
भूलो	2
भेंट	2
भेजी	2
भेजेंगे	2
भो	2
भोग	2
भोर	2
भौंकता	2
भौतिकी	2
भ्रष्ट	2
भ्रामक	2
भड़वे	2
मँगाऊँ	2
मंगलमय	2
मंगलवार	2
मंगोलीयाई	2
मंच	2
मंज़ूर	2
मंजिल	2
मंजूर	2
मंडल	2
मंत्री	2
मंत्रीजी	2
मकड़ीयों	2
मकसद	2
मकसूद	2
मकान	2
मच्छर	2
मछ्ली	2
मजबूरी	2
मज़बूती	2
मटिया	2
मण्डल	2
मतदान	2
मदिरा	2
मध्य	2
मध्यमं	2
मनचाही	2
मनपसंद	2
मनाते	2
मनाना	2
मनिता	2
ममता	2
मम्मे	2
मरते	2
मरवन	2
मर्डर	2
मलाई	2
महँगी	2
महक	2
महत्वपुर्ण	2
महल	2
महाराष्ट्र	2
महीना	2
माँग	2
माँगता	2
माँगने	2
माँगा	2
माँगूँगा	2
मांगा	2
माइक	2
मातृभाषा	2
मादरचोद	2
मानती	2
मानना	2
मानस	2
मानसिक	2
मानेंगे	2
मानोगी	2
मापेगा	2
मारकर	2
मारती	2
मारेगा	2
मार्क जॉन	2
मार्कर	2
मार्स	2
मालिश	2
मास	2
मास्टरजी	2
माहिर	2
मिउरा	2
मिज़ाज	2
मिठाईयाँ	2
मिथुनर	2
मिनटों	2
मिशन	2
मिसबाह	2
मिस्टी पर्वत	2
मिस्र	2
मीटर	2
मीटिंग	2
मीटींग	2
मुंडा	2
मुझको	2
मुड़ाव	2
मुफ़्त	2
मुबारक़	2
मुबारको	2
मुरझा	2
मुर्गा	2
मुलर	2
मुलायम	2
मुस्कान	2
मुस्कुराए	2
मुस्कुरायी	2
मुह	2
मूझे	2
मूल	2
मूल्य	2
मूवी	2
मेँ	2
मेंडले	2
मेक्सिको	2
मेच	2
मेडम	2
मेड्रिड स्पेन	2
मेथड्स	2
मेदम	2
मेने	2
मेम साहब	2
मेमो	2
मेरीं	2
मेल	2
मेहनती	2
मेहरून	2
मैक्सिकन	2
मैच्योर	2
मैट	2
मैड	2
मैनिपुलेटर	2
मॉस्को	2
मोजार्ट	2
मोजे	2
मोटर	2
मोटरसाइकिल	2
मोड़ा	2
मोड़िए	2
मोहन	2
मौन	2
मौला	2
म्याऊं	2
म्यूरियल	2
यक़ीन	2
यद्यपि	2
यहूदियों	2
यहोवा	2
यांत्रिकी	2
यातनाकर्ता	2
यान	2
यामादा	2
यारों	2
यास्मिन	2
युक्रेन	2
युवती	2
यूँ	2
यूजीन	2
यूनानी	2
यूरोपोल	2
येन	2
योग्य	2
योजनाबद्ध	2
योद्धाओं	2
योनी	2
रंडी	2
रक्तपात	2
रक्षक	2
रखती	2
रखिएगा	2
रखूंगा	2
रखूंगी	2
रट	2
रडार	2
रणनीति	2
रफ़नट	2
रफ़्ता	2
रम	2
रवि	2
रवैया	2
रसायनिक	2
रसेल	2
रसोईघर	2
रहइए	2
रहतीं	2
रहब	2
रहमान डकैत	2
रहली	2
रहस्योद्घाटन	2
रहिये	2
रहूंगा	2
राइफल	2
राखी	2
राजकोष	2
राजद्रोह	2
राजधानीयां	2
राधे	2
राफ़ाएला	2
रामन	2
रावेनहिल	2
राष्ट्रपति	2
राष्ट्रीयता	2
रासायनिक	2
राहुल	2
राहेल चू	2
रिकार्डो	2
रिगा	2
रिज़वान	2
रिटायर	2
रिति	2
रिबन	2
रियल	2
रिलेक्स	2
रिल्का	2
रिवेट्स	2
रिहा	2
रुकना	2
रुकने	2
रूठा	2
रूम	2
रेखित	2
रेनॉल्ड	2
रेशम	2
रेशमी	2
रेस	2
रैकेट	2
रैनी	2
रॉब	2
रॉस	2
रोई	2
रोऊंगा	2
रोकें	2
रोबर्ट	2
रोबेर्टो	2
रोमन कैथोलिक	2
रोमानी	2
रोल नंबर	2
रोवत	2
रोहित पटेल	2
लंच	2
लईकी	2
लउकत	2
लकीर	2
लगतीं	2
लगने	2
लगाकर	2
लगाके	2
लगाती	2
लगाम	2
लगेंगे	2
लज्जित	2
लड़ते	2
लड़ने	2
लड़ाकू	2
लड़ेंगे	2
लद्दाख	2
लन्च	2
लस्सी	2
लहरें	2
लाइफ	2
लाई	2
लाऊंगा	2
लाए	2
लाकर	2
लाके	2
लाजवाब	2
लाज़वाब	2
लाजो	2
लाट साहब	2
लातविया	2
लाती	2
लापता	2
लायक़	2
लायी	2
लाये	2
लालच	2
लालटेन	2
लाले	2
लाश	2
लाहोर	2
लाड़ली	2
लिंडा	2
लिपटा	2
लिफ़ाफ़े	2
लियोनार्डो दा विंची	2
लीची	2
लीड	2
लुइस	2
लुई	2
लुकिंग	2
लुटेंगे	2
लुल्ली	2
लुसी	2
लूसिया	2
लेंगी	2
लेआऊँ	2
लेखा	2
लेगी	2
लेजी	2
लेटर	2
लेलो	2
लॉकर	2
लॉट	2
लॉन्च	2
लॉस्ट	2
लोक	2
लोकप्रिय	2
लोहार	2
लौंडे	2
लौंडेबाजों	2
लौड़े	2
लौह	2
लड़	2
लड़कों	2
लड़ना	2
वंश	2
वंशानुगत	2
वगैरह	2
वचन	2
वज़न	2
वनों	2
वफ़ादार	2
वफादारी	2
वर्षावन	2
वल्मलेइना	2
वसीयत	2
वांग	2
वाइन	2
वाइरस	2
वाक्य	2
वाट्सऐप	2
वाद	2
वादे	2
वार्ता	2
वालों	2
वालोनिया	2
वास्तविकता	2
वास्ते	2
विंस्टन	2
विओलिन	2
विकासशील	2
विजेता	2
विथ	2
विद्युतचुंबकीय	2
विद्रोह	2
विधिक	2
विध्यार्थी	2
विनती	2
विनायक राव	2
विन्यास	2
विपत्ती	2
विपरीत	2
विभक्त	2
विमानन	2
विवाद	2
विवेकपूर्ण	2
विशेषज्ञ	2
विश्लेषण	2
विश्व	2
विश्वासघात	2
वू	2
वेंक	2
वेद	2
वेल्स	2
वैज्ञानिक	2
वॉट	2
वॉटरमेलन	2
वॉल्ट डिज़्नी	2
व्यक्तित्व	2
व्यवसाय	2
व्याख्या	2
व्यापक	2
व्यायाम	2
व्यावहारिक	2
व्हू	2
शक्ल	2
शरण	2
शराबख़ाना	2
शर्तों	2
शर्मीला	2
शर्मीली	2
शस्त्रागार	2
शहद	2
शहरों	2
शाँत	2
शातिर	2
शान्ति	2
शापित	2
शाह	2
शाहरुख खान	2
शिकस्त	2
शिकागो	2
शिक्षण	2
शिक्षिका	2
शिपमेंट	2
शिफ़्ट	2
शिष्टता	2
शिष्य	2
शीर्षक	2
शुदा	2
शुभकामानाएँ	2
शुभरात्रि	2
शुष्क	2
शूरवीरों	2
शूज़	2
शेविंग	2
शैतानी	2
शैम्पेन	2
शॉट	2
शॉट्स	2
शॉशैंक	2
शॉशैंक जेल	2
शोक	2
शोकस	2
शौकीन	2
श्री रॉक एन रोल	2
सँकरा	2
सँकरे	2
संकोच	2
संख्यात्मक	2
संगीतकार	2
संत्रा	2
संत्रे	2
संदेशवाहक	2
संपूर्ण	2
संभल	2
संभालकर	2
संभालें	2
संरक्षक	2
संसार	2
सऊदी	2
सकारात्मक	2
सकी	2
सकूं	2
सकेनी	2
सक्त	2
सख्त	2
सगा	2
सगाई	2
सच्चा	2
सजावट	2
सज्जनों	2
सड़	2
सता	2
सदन	2
सदाशिव	2
सदियों	2
सदैव	2
सबके	2
सब्ज़ियाँ	2
सभ	2
सभा केंद्र	2
सभ्य	2
समझती	2
समझना	2
समझाईं	2
समझाएं	2
समझिए	2
समझी	2
समझेगा	2
समर्थन	2
समाकलन	2
समुद्रतट	2
समेट	2
सम्बंधित	2
सम्राट	2
सरको	2
सर्दियों	2
सर्दी	2
सर्पिल मंदाकिनी	2
सर्प्राइज़	2
सर्वोत्तम	2
ससुर	2
सस्ते	2
सहाब	2
सहायक	2
सहेलियों	2
साँझ	2
साइंटिस्ट	2
साकिन	2
सातवा	2
साथे	2
साधना	2
साधा	2
सामरिक	2
सामिया	2
सामी शादी	2
सामुदायिक	2
साम्बा	2
सायकिल	2
सारंग	2
साली	2
सावाल	2
साशा	2
साहस	2
साहसी	2
सिंह	2
सिंहों	2
सिक्के	2
सिक्योरिटी	2
सिखाइये	2
सिखाएगा	2
सिखाओ	2
सिग्रिड	2
सिट	2
सिट्टी	2
सितारे	2
सितारों	2
सिद्ध	2
सिबला	2
सिलाफ़न	2
सिसिली	2
सीक्रेट	2
सीक्रेट सुपरस्टार	2
सीखता	2
सीखती	2
सीखना	2
सीखी	2
सीखूंगा	2
सीखूंगी	2
सीमा	2
सीरिया	2
सुंदरी	2
सुगंध	2
सुतार	2
सुधर	2
सुधार	2
सुनत	2
सुनाना	2
सुनिश्चित	2
सुनें	2
सुनेंगे	2
सुनेगा	2
सुलग	2
सुलाते	2
सुविधाजनक	2
सुसाइड	2
सूखे	2
सूज	2
सूझेगा	2
सूर्य	2
सेवक	2
सैंकड़ों	2
सैक्स	2
सैन्टोना	2
सैलरी	2
सॉलिड	2
सोए	2
सोखता	2
सोचकर	2
सोचिए	2
सोती	2
सोफा	2
सोयी	2
सोवियत संघ	2
सोशल इंजीनियरिंग	2
सौंदरराजन	2
सौंपी	2
सौरन	2
स्केटिंग	2
स्कैनर	2
स्क्वायर	2
स्टार	2
स्टार्टर्स	2
स्टुपिड	2
स्टूडेंट	2
स्तन कैंसर	2
स्तब्ध	2
स्तम्भ	2
स्तरों	2
स्तुति	2
स्थल	2
स्थानक	2
स्थानीय	2
स्थिरांक	2
स्नान घर	2
स्नॉटलाउट	2
स्पर्श	2
स्पा	2
स्पेनिश	2
स्मरण	2
स्मोग	2
स्लाइस	2
स्वर्गदूतों	2
स्वांप बॉटम	2
स्वामीजी	2
स्वायत्त	2
स्वास्थ्य	2
स्विमसूट	2
स्वीकारा	2
हँसा	2
हंगामा	2
हंस	2
हईं	2
हक	2
हजारों	2
हटे	2
हठी	2
हत्था	2
हफ़्तों	2
हमनी	2
हमसे	2
हमज़ा अली मज़ारी	2
हरफनमौला	2
हरामज़ादे	2
हसने	2
हसीन	2
हस्तमैतुन	2
हस्तमैथुन	2
हस्तमैथुनकर्ता	2
हस्तांतरण	2
हाउसकीपिंग	2
हाज़िरी	2
हाजिर	2
हादसा	2
हाफवे	2
हारता	2
हारा	2
हालात	2
हास्यस्पद	2
हि	2
हिंदुस्तानी	2
हिंदू	2
हिचकिचाया	2
हिजाब	2
हित	2
हिम	2
हिलाए	2
हिसाशी	2
हील	2
हुँह	2
हुंह	2
हुज़ूर	2
हुर्रे	2
हुह	2
हॅलो	2
हेग	2
हेनरी	2
हेय	2
हेयर	2
हेरोइन	2
हेर्र	2
हेलमेट	2
हैँ	2
हैंगर	2
हैंड ग्रेनेड	2
हैक	2
हैकर	2
हैती	2
हैदर	2
हैना	2
हैप्पी इंडिपेंडेंस डे	2
हैल थोरिन	2
हॉपकिंस	2
हॉलैंड	2
हॉल्ट	2
होइए	2
होईत	2
होके	2
होखे	2
होगें	2
होनी	2
होप	2
होम वर्क	2
होमोसेक्सुअल	2
होश	2
हौले	2
हौसला	2
हौसले	2
ह्युवेल	2
हज़ार	2
े	2
ै?	2
ो	2
ो 	2
ॐ	2
ज़रूरत	2
ज़रूरी	2
ज़िंदगी	2
ज़िंदा	2
ज़िन्दगी	2
–	2
 कमीन	1
 कैस	1
 तु	1
 भ	1
 स	1
 सकत	1
 हिमपा	1
 होग	1
-चाट	1
73 अक्तूबर	1
76 अक्तूबर	1
79 अक्तूबर	1
83 अक्तूबर	1
94 अक्तूबर	1
96 अक्तूबर	1
अँधेरी	1
अंकन	1
अंगकोर वाट	1
अंगमार	1
अंगारों	1
अंगिरस तारा	1
अंगी	1
अंगेज़	1
अंछर	1
अंजर	1
अंट	1
अंड	1
अंडमान	1
अंडरवर्ल्ड	1
अंडाकार	1
अंतःस्रावी	1
अंततः	1
अंतरिक्ष केंद्र	1
अंतरिक्ष यात्री	1
अंतरिक्ष यान	1
अंतर्गत	1
अंध महासागर	1
अंधभक्ति	1
अंधेर नगरी	1
अंधेरी	1
अकबर	1
अकरम	1
अकर्मक	1
अकल्पनीय	1
अकस्मात	1
अक्ष	1
अक्षम	1
अक्साई चिन	1
अगम्य	1
अगवानी	1
अगस्ती	1
अग़ल	1
अगाथा क्रिस्टी	1
अगिया	1
अग्रेषित	1
अचंभे	1
अचकी	1
अचार	1
अचारी	1
अज़ीज़	1
अज़ुसेना	1
अजी	1
अज्ञानी	1
अटकना	1
अटलांटिक महासागर	1
अटारी	1
अटेंशन	1
अड़ंग	1
अड़ियल	1
अडिग	1
अड्डा	1
अण्टीगुआ	1
अतना	1
अता	1
अतिथिदेवो	1
अतिनूतन	1
अतिविश्वास	1
अतुल्य	1
अत्रि तारा	1
अथक	1
अदरक	1
अदल	1
अदालत	1
अधजल	1
अधिकृत	1
अधिसूचित	1
अध्यापकों	1
अनंत	1
अनन्तलक्ष्मी	1
अनपढ़	1
अनर्जित	1
अनाड़ी	1
अनाथ आश्रम	1
अनाथालय	1
अनानास	1
अनाप	1
अनारकली बाज़ार	1
अनाहत चक्र	1
अनिश्चित	1
अनुकरण	1
अनुकृति	1
अनुत्तीर्ण	1
अनुप्रयुक्त विज्ञान	1
अनुभव	1
अनुभाग	1
अनुरक्षण	1
अनुरूप	1
अनुवाद	1
अनुसरण	1
अनूप झील	1
अनोखी	1
अन्तःस्थापित	1
अन्तर्राष्ट्रीय	1
अन्ध महासागर	1
अन्न	1
अन्ना लोग	1
अन्हार	1
अपंग	1
अपका	1
अपनि	1
अपरा	1
अपरिमेय	1
अपलोड	1
अपवर्ती	1
अपवाद	1
अपाहिज	1
अपील	1
अप्रत्याशित	1
अप्रवासी	1
अफवाहें	1
अफ़रा	1
अबू धाबी	1
अब्दुल बटावी	1
अभय	1
अभाज्य	1
अभिप्रेत	1
अभियंता	1
अभियान्त्रिकी	1
अभिलेखागार	1
अभिवादन	1
अभिव्यक्ति	1
अभिषेक बच्चन	1
अभ्रयंती	1
अमरीकन	1
अमल	1
अमानत	1
अमिताभ बुद्ध	1
अमीरों	1
अमृत	1
अमेरिकी गृहयुद्ध	1
अम्बा तारा	1
अम्बिलिकल कॉर्ड	1
अम्बेडकर नगर	1
अम्मा	1
अय्याशी	1
अरबवाँ	1
अरविंद	1
अरुंधती तारा	1
अरुणाचल प्रदेश	1
अर्घ्य	1
अर्ज़	1
अर्थ	1
अर्ल	1
अर्सा	1
अल	1
अल साल्वाडोर	1
अल-क़ायदा	1
अलताफ़	1
अलार्म	1
अलोर सतार	1
अल्फाज	1
अल्फ्रिड	1
अल्योशा	1
अल्लाह तआला	1
अल्लाहु अकबर	1
अल्लाहो अकबर	1
अवध रियासत	1
अवधि	1
अवनति	1
अवपरमाणुक	1
अवरुद्ध	1
अवलोकन	1
अवशोषण	1
अवसरवादी	1
अवसादी	1
अवस्थी	1
अवे	1
अव्वल	1
अशिष्ट	1
अशुद्ध	1
अशुभ	1
अशोक चक्र	1
अशोकन प्राकृत	1
अशोकीय	1
अश्वशीर्ष निहारिका	1
असफलता	1
असमंजस	1
असलम अलैकुम	1
असला	1
असहाय	1
असहिष्णुता	1
असामान्य	1
असुरक्षित	1
अस्त	1
अस्तबल	1
अस्तर	1
अस्थिर	1
अस्पष्ट	1
अस्वीकार	1
अस्वीकृति	1
अह	1
अहल	1
अहिम	1
अॅलेन	1
अॅलेन कवी	1
आँच	1
आंकते	1
आंकरेज	1
आंगन	1
आंत	1
आंतरिक	1
आंदोलन	1
आंधी	1
आंध्र प्रदेश	1
आइंस्टाइन	1
आइजी	1
आइटम	1
आइडियाज़	1
आईये	1
आएँ	1
आएंगे	1
आओगी	1
आकछू	1
आकर्षण	1
आकर्षित	1
आक़ा	1
आकाश गंगा	1
आकुंचनीय	1
आकृति	1
आखें	1
आगंतुक	1
आगायी	1
आगें	1
आग्नेय	1
आग्रह	1
आघूर्ण	1
आचार संहिता	1
आच्छादक	1
आजकल	1
आजमाइए	1
आज़म	1
आज़म चीमा	1
आज़माना	1
आज़ाद	1
आज़ाद कश्मीर	1
आजादी	1
आजार	1
आजू	1
आटे	1
आठों	1
आड़ा	1
आणविक	1
आतिथ्य	1
आतिफ असलम	1
आत्माएं	1
आदमियों	1
आदर	1
आदान	1
आदित्य	1
आदिला	1
आध	1
आधुनिकता	1
आधुनिकीकरण	1
आधो	1
आध्यापक	1
आन	1
आनन्द	1
आनुपातिक	1
आपत्ति	1
आपदा	1
आपपर	1
आपस	1
आपातकालीन	1
आफ़्रिका दिवस	1
आफ़्रिका देश	1
आभार	1
आभास	1
आमूल	1
आय	1
आय कर	1
आयनकारी	1
आयरनफुट	1
आयरलैंड	1
आयात	1
आयेंगे	1
आरंभ	1
आरजीवी	1
आरती	1
आरम्भ	1
आर्ट	1
आर्ट क्लास	1
आर्द्रा तारा	1
आर्य समाज	1
आलम दूध	1
आला	1
आलू बुख़ारा	1
आलू बुखारा	1
आवंटन	1
आवंटित	1
आवत	1
आवर्त	1
आवर्त सारणी	1
आवास	1
आवासीय	1
आवृत्ति	1
आवेश	1
आशावादी	1
आशुलिपि	1
आश्रम	1
आश्वस्त	1
आसमानों	1
आसार	1
आस्ति	1
आस्तीन	1
इंक़िलाब	1
इंज	1
इंजेक्शन	1
इंटन	1
इंटरनेट	1
इंटरप्रेट	1
इंतज़ाम	1
इंतज़ाम	1
इंदिरा नगर	1
इंद्रधनुष	1
इंशाल्लाह	1
इंसानों	1
इंस्टॉलमेंट्स	1
इक़बाल	1
इकाइयों	1
इज़्ज़त	1
इजाज़त	1
इतनि	1
इतर	1
इति	1
इनको	1
इनचार्ज	1
इनाम	1
इन्तज़ार	1
इन्वर्टर	1
इन्सिया	1
इन्हे	1
इमेजिंग	1
इम्तेहान	1
इम्पॉसिबल	1
इम्पोटेंट	1
इर्द	1
इलाका	1
इलाके	1
इलाकों	1
इल्म	1
इष्टतम	1
इसमे	1
इसलिये	1
इस्माइल	1
इस्माइल बेटा	1
इस्लामवाद	1
इहे	1
ईंट	1
ईओण	1
ईगल	1
ईडियट	1
ईरबोर	1
ईव	1
ईसा मसीह	1
उँगली	1
उंगलियाँ	1
उंगलियां	1
उकसा	1
उगता	1
उगते	1
उगल	1
उगलना	1
उगांडा	1
उच्चारण	1
उछलो	1
उजाड़	1
उज्ज्वल	1
उठती	1
उठाएगा	1
उठाकर	1
उठाती	1
उठाते	1
उठाने	1
उठिए	1
उठे	1
उड़कर	1
उड़ती	1
उड़न	1
उड़ना	1
उड़ाई	1
उड़ाओ	1
उड़ावत	1
उड़ेगा	1
उतने	1
उतरल	1
उतरूँगा	1
उतारा	1
उतारिए	1
उत्क्षेपण	1
उत्तमं	1
उत्तर अमरीका	1
उत्तर अमेरिका	1
उत्तर अमेरिकी	1
उत्तर आधुनिक	1
उत्तर कोरिया	1
उत्तर कोरियाई	1
उत्तर प्रदेश	1
उत्तर मैसिडोनिया	1
उत्तरजीविता	1
उत्तरी सागर	1
उत्थान	1
उत्पाद	1
उत्पादन	1
उत्पीड़न	1
उत्सर्जन	1
उत्साहित	1
उत्साही	1
उत्सुक	1
उथला	1
उदार	1
उद्देश्य	1
उद्धरण	1
उद्धार	1
उद्यान	1
उनुके	1
उन्नीस	1
उपदानव	1
उपदेश	1
उपबंधित	1
उपभोग	1
उपर	1
उपरिगामी	1
उपलब्धि	1
उपोष्ण कटिबंध	1
उफ़ान	1
उबर	1
उबरेंगे	1
उमस	1
उम्म अल-क़ुवैन	1
उम्मीदवार	1
उर्सुला पुटकैमर	1
उल	1
उलटना	1
उल्का	1
उल्लंघन	1
उल्लेख	1
उलफ़त	1
उषा अर्घ्य	1
उष्णकटिबंधीय	1
उष्णता	1
उस्मानी साम्राज्य	1
उज़ैर बलोच	1
उड़	1
उड़ेगा	1
उड़ेगी	1
ऊँचाई	1
ऊँट	1
ऊंचा	1
ऊतक	1
ऊतक विज्ञान	1
ऊब	1
ऊबड़	1
ऊर्ध्व	1
ऊल	1
ऊलजलूल	1
ऊह	1
ऊहो	1
ऋण	1
ऋणी	1
ऋतु	1
एंजेला	1
एंजॉय	1
एंटी	1
एंटोनियो	1
एंडी डुफ्रेन	1
एंड्रयू	1
एंड्रिया	1
एअरपोर्ट	1
एकत्रित	1
एकमात्र	1
एकल	1
एकांत	1
एकाध	1
एकैकी	1
एक्सपर्ट	1
एक्सीडेंट	1
एगो ग्रेनेड	1
एग्जाम	1
एग्स	1
एज़ोग डिफाइलर	1
एडवर्ड	1
एड़ियां	1
एडिशन	1
एडिसन	1
एडी	1
एड्रियाटिक सागर	1
एनवेलप	1
एनीवन	1
एप्रन	1
एप्लिकेशन	1
एप्स	1
एमएनए	1
एमएससी	1
एम्बुलेंस	1
एर	1
एरिटिस	1
एलिक्स	1
एलिस रेडिंग	1
एल्क	1
एल्मो ब्लाच	1
एवरी	1
एशियाई खेल	1
एस.	1
एस्टर	1
एस्ट्रोनॉट	1
एहसे	1
ऐक	1
ऐच्छिक	1
ऐडिली	1
ऐतराज़	1
ऐन्टेना	1
ऐमिली	1
ऐस	1
ऐस्ट्रिड प्रतियोगिता	1
ऑक्टोगैंडे	1
ऑटो रिक्शा	1
ऑडेसिटी	1
ऑपरेटर	1
ऑपरेशन	1
ऑपरेशन धुरंधर	1
ऑफिस	1
ऑफ़	1
ओआरसी	1
ओउ	1
ओकर	1
ओक्स	1
ओटावा	1
ओत	1
ओपेरा	1
ओबो	1
ओर्क्स	1
ओलंपिक	1
ओलंपिक खेल	1
ओलिंप	1
ओवर	1
ओवररेटेड	1
औ	1
औलाद	1
औलादें	1
कंगाली	1
कंचे	1
कंधारी	1
कंधे	1
कंबोडियन	1
कइनी	1
कईसे	1
ककड़ी	1
कचरा	1
कचहरी	1
कच्चू	1
कटलरी	1
कटवा	1
कटवाना	1
कटान	1
कटोरा	1
कटौती	1
कट्टर	1
कट्टा	1
कठिया	1
कठौती	1
कढ़ी	1
कण	1
कतना	1
कथा	1
कदा	1
कनेको	1
कन्या	1
कन्या तारामंडल	1
कपकेक	1
कपड़ों	1
कपाट	1
कपास	1
कपूर	1
कपोल	1
कफर खुट	1
कफर खुट अनाथालय	1
कफ़र	1
कफ़र रियात	1
कबाड़	1
कबार	1
कबूतर	1
कब्बो	1
कब्ज़ा	1
कमजोरी	1
कमरों	1
कमल	1
कमांडर	1
कमाई	1
कमाऊँगा	1
कमाना	1
कमानी	1
कमाया	1
कमीज़ें	1
कमीनों	1
कयामत	1
कर अधिकारी	1
कर विभाग	1
करछी	1
करतब	1
करवा चौथ	1
करवाओ	1
करा	1
कराऊंगा	1
करानी	1
करिए	1
करियेगा	1
करीबी	1
करोड़वाँ	1
कर्क रेखा	1
कर्कट रोग	1
कर्नल	1
कर्म	1
कर्मचारी	1
कर्मों	1
कलथर्प	1
कलन शास्त्र	1
कलर	1
कलूटा	1
कलेजा	1
कल्चर	1
कल्पनातीत	1
कवच	1
कश	1
कश्मीर	1
कस	1
कसकर	1
कसरत	1
कसाई	1
कसूगा	1
कस्टमर	1
कहलाओगी	1
कहऽ	1
कहानियाँ	1
कहाॅंं	1
कहूँगा	1
क़ब्ज़ा	1
क़मीज़	1
क़यामत	1
क़ागज़ों	1
क़ाबिल	1
क़िबला	1
क़िस्मत	1
क़ुरबान	1
क़ुसूर	1
क़ै	1
क़ैद	1
क़ैदी	1
क़ैसर	1
काँप	1
कांट	1
कांटा	1
कांतिमान	1
काइसेई अस्पताल	1
काउंट	1
काउंटर	1
काउबॉय	1
काओडाइ धर्म	1
काओदाइ धर्म	1
काका	1
काग़ज़ी	1
काज़ी	1
कानपुर देहात	1
कानपुर नगर	1
कानपुर मंडल	1
कान्ताबे	1
काबुली	1
कामचलाऊ	1
कामवाली	1
कामों	1
कामोन्माद	1
कायदा	1
कायांतरित	1
कारक	1
कारगर	1
कारोबारी	1
कार्टर	1
कार्यकारी	1
कार्यक्रम	1
काल बेनेट	1
कालपुरुष	1
कालपुरुष तारामंडल	1
काला आजार	1
काला जीरा	1
काला बाज़ार	1
काला सागर	1
कालापन	1
काली खाँसी	1
कास्टिंग	1
काहें	1
काफ़िर	1
किंग बार्ड	1
किंडरगार्टेन	1
किंतु	1
किचन	1
किट्टी	1
किताबी	1
किताबों	1
किनके	1
किमि	1
किये	1
किरीट विषाणु	1
किले	1
किलोमीटर	1
किसान पथ	1
किसीको	1
किस्सा	1
कीकर	1
कीचड़	1
कीजियेगा	1
कीट	1
कीटाएु	1
कीड़	1
कीड़े	1
कीड़ें	1
कीड़ों	1
कीनु	1
कीमती	1
कुँए	1
कुंड	1
कुंभ मेला	1
कुंभकर्ण	1
कुंवारा	1
कुंवारी	1
कुआला तरंगानू	1
कुआला लमपुर	1
कुएँ	1
कुक द्वीपसमूह	1
कुटुम्बकम्	1
कुत्सित	1
कुमारी	1
कुमारे	1
कुम्भ मेला	1
कुरमा	1
कुलपिता	1
कुलियों	1
कुल्हाड़ी	1
कुवैत नगर	1
कुशलता	1
कुश्त	1
कुहर	1
कुहुकत	1
कूदने	1
कूपर	1
कृत्तिका तारागुच्छ	1
कृप्य	1
कृष्ण विवर	1
कृष्णा नगर	1
केंद्रशासित प्रदेश	1
केउत्स	1
केनी जी	1
केप वर्डे	1
केलिए	1
केशव नगर	1
कैंटोनीज़	1
कैंडी कॉर्न	1
कैच	1
कैथी	1
कैथोलिक	1
कैदियों	1
कैनेला	1
कैपेसे	1
कैप्सूल	1
कैरेबियाई हिंदुस्तानी	1
कैश	1
कैशियर	1
कॉब	1
कॉलबैक	1
कॉलर	1
कोका	1
कोख	1
कोचका	1
कोचिंग	1
कोटलेस	1
कोठरी	1
कोढ़ी	1
कोतवाल	1
कोता किनाबालू	1
कोता बारू	1
कोनसा	1
कोन्फिडेंशियल	1
कोरस	1
कोरोना द्रव्य	1
कोर्स	1
कोला	1
कोलोसल	1
कोविड-१९	1
कोष्टक	1
कोसूँ	1
कोस्टा रिका	1
कोख़	1
कौड़ी	1
कौम	1
क्यू	1
क्यूं	1
क्यूआर कोड	1
क्यूट	1
क्योंं	1
क्रतु	1
क्रम	1
क्रमविकासीय	1
क्रिप्टन	1
क्रिस्टल	1
क्रिस्टो	1
क्रिस्मस	1
क्रीचर्स	1
क्रुज़ अज़ुल	1
क्रेओसोट	1
क्रेजी	1
क्रेडिट	1
क्रॉल	1
क्रॉस	1
क्रोस	1
क्लाउड्जंपर	1
क्लान्या	1
क्लेंज़ेनडॉर्फ	1
क्लॉस	1
क्लोडियाजिया गुटिरेज़	1
क्लोडियोरिया	1
क्वाड्रन	1
क्वार्टर	1
क्वाला	1
क्वालिटी	1
क्वींस	1
क्वीन्स	1
क्ष	1
क्षमता	1
क्षमा देवी	1
क्षय रोग	1
क्षितिज	1
क्षुद्रग्रह	1
खंडशः	1
खंडहर	1
खगोल शास्त्र	1
खज़ाने	1
खजाने	1
खटखटाओगी	1
खट्टे	1
खड़ऊ	1
खड़ी बोली	1
खनीज	1
खबरी	1
खम्मम	1
खयाल	1
खयालों	1
खरकोव	1
खरना	1
खरब	1
खरबवाँ	1
खरा	1
खराबी	1
खरी	1
खरीदिए	1
खरोंचल	1
खरोंचें	1
खर्राटा	1
खलनायक	1
खलिहान	1
खस्सी	1
ख़तना	1
ख़याली	1
ख़रगोश	1
ख़राब	1
ख़राबा	1
ख़रीदूंगा	1
ख़र्च	1
ख़र्चा	1
ख़ान	1
ख़ारजा	1
ख़ास	1
ख़ासा	1
ख़ुदावंद ख़ुदा	1
ख़ुशक़िस्मती	1
ख़ुशनीयती	1
ख़ुशबू	1
ख़ुशामद	1
ख़ुशामदी	1
ख़ुश्क	1
ख़ैबर पख़्तूनख़्वा	1
ख़ैर मक़दम	1
ख़्वाँ	1
खाऊ	1
खाऊंगा	1
खाएँगे	1
खाएंगे	1
खाएगा	1
खाक	1
खाकर	1
खाका	1
खाड़ी	1
खातिर	1
खाबड़	1
खाय	1
खारा	1
खारिज	1
खिंचाव	1
खिदमत	1
खिलाएगा	1
खिलाड़ि	1
खिलाना	1
खिड़कियाँ	1
खींचना	1
खींचा	1
खुदने	1
खुरदरे	1
खुलकर	1
खुलती	1
खुलना	1
खुशखबरी	1
खुशहाल	1
खुशामदीद	1
खुस	1
खुसुर	1
खूबसूरती	1
खेती	1
खेला	1
खेलें	1
खोए	1
खोओ	1
खोओगे	1
खोजते	1
खोजा	1
खोजूँगा	1
खोजेंगे	1
खोजोगे	1
खोटी	1
खोदा	1
खोदो	1
खोने	1
खोपड़ी	1
खोलकर	1
खोलता	1
खोलती	1
खोलना	1
खोलने	1
खोलें	1
खौ	1
खौफ़नाक	1
खड़ा	1
गँवाओ	1
गंवा	1
गइनी	1
गगरी	1
गचिबोवली स्टेडियम	1
गटक	1
गटकं	1
गठन	1
गड़बड़ा	1
गढ़	1
गण	1
गणना	1
गणपति	1
गतिज	1
गद्दा	1
गन पाउडर	1
गनीमत	1
गप	1
गमले	1
गरज	1
गरजते	1
गर्क	1
गर्डा	1
गर्भनाल	1
गर्भाधान	1
गर्भाशय	1
गलौज	1
गवा	1
गवाही	1
गहराई	1
ग़म	1
ग़र्क़	1
ग़ालिब	1
ग़ुस्ल	1
ग़ौर	1
गांडु	1
गांधार	1
गाइ	1
गाइए	1
गागर	1
गाचीबोवली	1
गाठिया	1
गाड़ियों	1
गान	1
गालों	1
गाह	1
गाहे	1
गिट्टे	1
गिनकर	1
गिनी	1
गिनूँगा	1
गिनें	1
गिरता	1
गिरती	1
गिरनी	1
गिरफ़्तार	1
गिरफ्तारी	1
गिराते	1
गिरामी	1
गिरे	1
गिरेगी	1
गिर्जा घर	1
गिर्द	1
गिलगित-बल्तिस्तान	1
गिल्डा	1
गीलीं	1
गुंडे	1
गुच्छा	1
गुजरातियों	1
गुज़री	1
गुजारेंगे	1
गुज्जू	1
गुज्जू समाज	1
गुड आफ़्टरनून	1
गुड नाईट	1
गुड़ियाएं	1
गुड्डी	1
गुण	1
गुणकारी	1
गुणवत्ता	1
गुणा	1
गुतिरेज़	1
गुनहगार	1
गुप	1
गुप्त साम्राज्य	1
गुफ़ा	1
गुमराह	1
गुरुत्वाकर्षक	1
गुरुत्वीय	1
गुरू	1
गुर्जर	1
गुलछर्रे	1
गुलाबी	1
गुसलखाना	1
गुस्ताखी	1
गूँ	1
गूँगे	1
गूंगा	1
गूंज	1
गूगल	1
गूगल कोल अनंतलक्ष्मी	1
गृह मंत्रालय	1
गृह मंत्री	1
गेंदे	1
गेड़ी	1
गेम	1
गेस्ट	1
गेहूँ	1
गैंडा	1
गैंता	1
गैंते	1
गैर	1
गोंग	1
गोरख धंधा	1
गोरा	1
गोला	1
गोलियों	1
गोल्ड कोस्ट	1
गोविंद	1
गोविन्द	1
गोश	1
गोश्त	1
गोसलिट	1
गोह	1
गौतम बुद्ध नगर	1
ग्रंथि	1
ग्रंप	1
ग्रंपी	1
ग्रान ममारे	1
ग्रिफ़िथ पार्क	1
ग्रेट ब्रिटेन	1
ग्रेनाडींस	1
ग्रेवडिगर	1
ग्लास रेत	1
ग्लेन क्वेंटिन	1
ग्लैमर अवार्ड्स	1
ग्लैमर पत्रिका	1
ग्लैमरस	1
ग्लोबल	1
ग्लोबल वार्मिंग	1
ग्लोबल वॉर्मिंग	1
ग्वाटेमाला नगर	1
ग्वाला	1
ग्वालों	1
घंटों	1
घटनाएं	1
घटा	1
घटिया	1
घड़ियाल	1
घड़ियाली	1
घण्टा	1
घन	1
घना	1
घनी	1
घबराइए	1
घबराना	1
घबराहट	1
घमण्डी	1
घरेलू	1
घसीटे	1
घायलों	1
घिरे	1
घिसको	1
घिसना	1
घुटना	1
घुन	1
घुमाऊंगा	1
घुमाते	1
घुसे	1
घुसो	1
घूँसा	1
घूंसा	1
घूम	1
घूमता	1
घूमती	1
घूमने	1
घूरना	1
घूरेंगे	1
घूरो	1
घूस	1
घूसखोरी	1
घृणा	1
घृणित	1
घेरो	1
घोंपा	1
घोटाले	1
घोड़ी	1
घोडे	1
घोषणापत्र	1
घोषित	1
चंगा	1
चंगेज़ ख़ान	1
चंद्रयान	1
चकमक	1
चकमा	1
चकरा	1
चक्का	1
चक्रवृद्धि	1
चखते	1
चखने	1
चखो	1
चगा	1
चचेरी	1
चटाई	1
चटिया	1
चट्टा	1
चट्टानी	1
चड्डा	1
चड्ढा	1
चढ़ाई	1
चढ़ाओ	1
चढ़ाने	1
चतुर का वांगडू	1
चतुर्थी	1
चतुर्भुज	1
चने	1
चन्नी	1
चबवाना	1
चबा	1
चबाकर	1
चबाते	1
चबाना	1
चमकदार	1
चमका	1
चमकीले	1
चमकेगा	1
चमगादड़ों	1
चमचा	1
चमड़ी	1
चमन चूतिया	1
चमरी	1
चमाट	1
चरख़	1
चरखेधारी	1
चरवाहे	1
चरा	1
चलल	1
चलवा	1
चलूँ	1
चलेगी	1
चश्म-ए-बद	1
चश्मदीद	1
चश्मिश	1
चाँदमारी	1
चांद	1
चाइए	1
चाट	1
चादरों	1
चाप	1
चार्ज	1
चार्ट	1
चालक	1
चालाक	1
चाह	1
चाहब	1
चाहिेए	1
चाहूंगी	1
चि	1
चिंगारी	1
चिंघाड़	1
चिंचवड	1
चिंदी	1
चिक	1
चिकित्सक	1
चिकित्सा	1
चित	1
चित्रकार	1
चिपकता	1
चियर्स	1
चिराग	1
चिल्लाए	1
चिड़	1
चिड़चिड़ी	1
चिड़िया	1
चिढ़ा	1
चीख	1
चीखो	1
चीखोगे	1
चीजें	1
चीटिंग	1
चीन गणराज्य	1
चीन जनवादी गणराज्य	1
चीफ़	1
चीमा	1
चीर	1
चील	1
चुंबन	1
चुकाओगे	1
चुकाना	1
चुकानी	1
चुग	1
चुद	1
चुनो	1
चुनौतीपूर्ण	1
चुन्नी बेगम	1
चुपके	1
चुपुणिका तारा	1
चुभन	1
चुराएगा	1
चुल्लू	1
चुस्की	1
चुहिया	1
चूकें	1
चूपी	1
चूमो	1
चूर्ण	1
चूसने	1
चूसूँगा	1
चेक गणराज्य	1
चेखव	1
चेन	1
चेरी	1
चेरू	1
चेला	1
चेल्सी	1
चैन	1
चैनल चार	1
चैम्पियनशिप लीग	1
चैलेंज	1
चॉइस	1
चोकिंग	1
चोटिल	1
चोदने	1
चोरनी	1
चौक	1
चौकी	1
चौदह	1
च्वीनी	1
चढ़े	1
छठवाँ	1
छड़ी	1
छत्तीस	1
छब्बीस	1
छल	1
छलकत	1
छलनी	1
छलाँग	1
छाँछड़	1
छाँव	1
छाछ	1
छाता	1
छात्रों	1
छाप	1
छापा	1
छाया	1
छाले	1
छि	1
छिड़	1
छिपाई	1
छिपाओ	1
छिपाते	1
छिपी	1
छीछी	1
छीनना	1
छुआ	1
छुटकारा	1
छुट्टियों	1
छुड़ाओ	1
छुडा	1
छुपता	1
छुपाने	1
छुड़ाओ	1
छूटा	1
छूटी	1
छूटेगा	1
छेड़	1
छेदक	1
छो	1
छोटा मॅजलॅनिक बादल	1
छोटी माता	1
छोड़ता	1
छोड़ी	1
छोड़े	1
छोड़ोगे	1
छोडूंगा	1
छोले	1
छोड़ना	1
छोड़ा	1
छोड़ी	1
छोड़ूँगा	1
छोड़ूगी	1
छोड़ो!	1
छड़ी	1
जँचता	1
जँचती	1
जंकर्स	1
जंजाल	1
जंबैग	1
जइहें	1
जई	1
जक	1
जकड़	1
जग	1
जगवनी	1
जचती	1
जटिल	1
जड़	1
जड़त्वीय	1
जड़ी बूटी	1
जत्था	1
जनते	1
जननी	1
जनमत	1
जनाब	1
जनेलीं	1
जन्मजात	1
जन्मतिथि	1
जप	1
जबतक	1
जबड़ा	1
जमगट	1
जमाई	1
जमाना	1
जमाल	1
जमुना	1
जमुनी	1
जम्मू	1
जयते	1
जर्मन सीक्रेट सर्विस	1
जर्मनी युद्ध	1
जर्मनी युरोप	1
जर्सी	1
जलते	1
जलधर	1
जलल्‍्दी	1
जलवायु आपातकाल	1
जलाते	1
जलाना	1
जली	1
जलूल	1
जलेगा	1
जवान रोमन	1
जश्न	1
जस	1
जस्त	1
जस्ता	1
जहां	1
जहाज़मार	1
जहाज़ी	1
जहान	1
ज़मीनें	1
ज़रिए	1
ज़हर	1
ज़ायके	1
ज़ार रूस	1
ज़िगिटी	1
ज़िद्दी	1
ज़िरह बकतर	1
ज़िरह बक्तर	1
ज़िरह बख़तर	1
ज़िरह बख़्तर	1
ज़िरह बख्तर	1
ज़िरी फ़िल्म	1
ज़ीन	1
ज़ेह	1
जाईये	1
जाएँगी	1
जाऐ	1
जाके	1
जागरूकता	1
जादूटोना	1
जानकी नगर	1
जानत	1
जानवरों	1
जानें	1
जानेमन	1
जामनगर	1
जायेंगी	1
जार्ज माइकल	1
जालों	1
जावेद	1
जावेद भाई	1
जासूसी	1
जिंदगी	1
जिक्र	1
जिगर	1
जितनी	1
जिता	1
जिन	1
जिनेंद्र	1
जिनेन्द्र	1
जिप	1
जिब	1
जिम स्टार्क	1
जिम्मेदार	1
जियोग्राफी	1
जिरह बक्तर	1
जिरह बखतर	1
जिरह बख़तर	1
जिरह बख़्तर	1
जिरो फाइटर	1
जिरो होरिकोशी	1
जिले	1
जिसकी	1
जिससे	1
जीएं	1
जीएसटी	1
जीगर	1
जीतते	1
जीतो	1
जीन पॉल	1
जीनियसों	1
जीभ	1
जीरा	1
जीव	1
जीवाश्म	1
जुआ	1
जुकाम	1
जुड़ने	1
जुड़वा	1
जुड़ें	1
जुपिटर	1
जुमेरात	1
जुम्मे	1
जुम्मेरात	1
जुर्रत	1
जुलना	1
जुलाई	1
जुड़ा	1
जूँए	1
जूलियस	1
जेक	1
जेम्स बांड	1
जेरी	1
जेलो	1
जेवियर गोंजालेज	1
जेसिका	1
जैकपॉट	1
जैकलीन	1
जैन	1
जैन धर्म	1
जैव	1
जैस्मीन	1
जॉब	1
जॉर्ज	1
जोकिंग	1
जोख़िम	1
जोखा	1
जोड़ना	1
जोड़ने	1
जोड़िए	1
जोड़ो	1
जोतो	1
जोदड़ो	1
जोरदार	1
जोश	1
जोस	1
जोहोर बाहरू	1
जोड़	1
जोड़ता	1
ज्यां मारवान	1
ज्वार	1
ज़्यादा	1
झकास	1
झगड़ना	1
झट	1
झम	1
झरने	1
झलक	1
झाड़ी	1
झाड़ो	1
झुक	1
झुमका	1
झूमो	1
झेलम	1
टंकण	1
टकराने	1
टट्टी	1
टट्टू	1
टपक	1
टपकना	1
टर्मिनल	1
टल	1
टहल	1
टहलने	1
टांके	1
टांगें	1
टाइपिंग	1
टाटा	1
टालने	1
टालमटोल	1
टावर	1
टिड्डी	1
टिमोथी	1
टिल्डा	1
टी शर्ट	1
टीका	1
टीज़िंग	1
टुकड़े टुकड़े गैंग	1
टुटरूँ	1
टूँ	1
टूक	1
टूटता	1
टूटना	1
टूटने	1
टूटेगा	1
टूट्सी	1
टूथब्रश	1
टेंटुआ	1
टेकऑफ	1
टेकना	1
टेक्सी	1
टेढ़ी	1
टेबल फ़ुटबॉल	1
टेम्पलर्स	1
टेररिस्ट	1
टेलिंग	1
टेलीफोन	1
टेस्ट	1
टैलेंट	1
टॉम कवी	1
टॉम नदी	1
टॉम बार	1
टॉम महासागर	1
टॉयलेट	1
टॉर्न	1
टॉवल	1
टोका	1
टोटली	1
टोन	1
टोबैगो	1
ट्रिपिंग	1
ट्रेलर	1
ट्रैक	1
ट्विटर	1
ठग	1
ठहर	1
ठहरा	1
ठहराना	1
ठहरेंगे	1
ठिक	1
ठेठ	1
ठेला	1
ठेले	1
ठोक	1
ठोकर	1
ठोस	1
ड	1
डंप	1
डन	1
डन्डीय	1
डबल एच	1
डबल रोटी	1
डमी	1
डम्प	1
डरकर	1
डरना	1
डराओ	1
डराकर	1
डराना	1
डराने	1
डरी	1
डली	1
ड़ैगन	1
डांटे	1
डाइनिंग	1
डाउनलोड	1
डाकिया	1
डायग्राम	1
डायरी	1
डार्ट्स	1
डालते	1
डालर	1
डालेंगे	1
डिंपल	1
डिग्री	1
डिचिक	1
डिज्नीलैंड	1
डिड	1
डिप्टी	1
डिश	1
डिस्कनेक्ट	1
डिस्को	1
डी	1
डीलक्स	1
डुप्लीकेट	1
डुरिन	1
डे	1
डेन	1
डेनिश	1
डेफिनिशन	1
डेमो	1
डेयर	1
डेर ओम	1
डेरासा	1
डेल	1
डेसाउ	1
डै नैंग	1
डॉक	1
डॉनत	1
डॉल्स	1
डोनाल्ड ट्रम्प	1
डोप	1
डोमिनिकन गणराज्य	1
डोरमैन	1
डोल	1
डौन्या	1
डौल	1
ड्रग्स	1
ड्राइंग	1
ड्रागो ब्लडविस्ट	1
ड्रामेबाज़	1
डफ़र	1
ढपोर शंख	1
ढलान	1
ढ़क्कन	1
ढा	1
ढाये	1
ढाल	1
ढिमकाना	1
ढीली	1
ढूँढ़िए	1
ढूँढ़ो	1
ढूँढा	1
ढूँढूँ	1
ढूँढो	1
ढूंढ	1
ढूंढ़ना	1
ढूंढ़ने	1
ढूंढेंगे	1
ढोवलस	1
तंत्रिका	1
तआला	1
तकनीक	1
तट	1
तड़ित	1
तत्काल	1
तथा	1
तथ्य	1
तन	1
तन्हाई	1
तफ़री	1
तबला	1
तबला तरंग	1
तबादला	1
तमिल नाडु	1
तमीज	1
तमीज़	1
तम्बाकू	1
तरक़्क़ी	1
तरोताज़ा	1
तरोताजा	1
तर्कसंगत	1
तले	1
तल्ले	1
तश्तरी	1
तहज़ीब	1
तहरा	1
तांग	1
ताओ धर्म	1
ताछ	1
तापमान	1
ताबड़	1
तारकीय	1
तारीफ	1
तारीफ़	1
तारों	1
ताल	1
तालिका	1
तालिज्मैन	1
तालिब	1
तालियाँ	1
तालियां	1
ताव	1
तिकड़ी	1
तितली	1
तिथियां	1
तिनका	1
तिपहिया	1
तिब्बत	1
तिब्बती	1
तिरछा	1
तिरस्कार	1
तिल	1
तिलचट्टे	1
तीव्रता	1
तु	1
तुग़लक़ी फ़रमान	1
तुझसे	1
तुमनें	1
तुमपर	1
तुममें	1
तुमलोग	1
तुम्बाड़	1
तुलन	1
तुलना	1
तुुम्हारे	1
तूर	1
तृतीया	1
तेंदुआ	1
तेंदुए	1
तेर	1
तेल अवीव	1
तेलुगू	1
तेज़	1
तैयारियाँ	1
तैरे	1
तैसा	1
तोड़ो	1
तोबा	1
तोहार	1
तोड़ेगा	1
तौबा	1
तौलिए	1
तौलिया	1
त्याग	1
त्रिकोण	1
त्रिकोण तारामंडल	1
त्रिनिदाद	1
त्रिवेणी नगर	1
त्रिशंकु सभा	1
त्रुटिहीन	1
तख़्त	1
थककर	1
थकके	1
थलग	1
थाने	1
थूक	1
थूथन	1
थैले	1
थॉट्स	1
थॉमस्टन	1
थोडा	1
थोरिन ओकेंसहेल्ड	1
थौ	1
थ्रिन	1
थ्रो	1
थ्रोन	1
द हेग	1
दंड संहिता	1
दंत	1
दक्ष	1
दक्षिण अंडमान	1
दक्षिण अफ़्रीका	1
दक्षिण अमरीका	1
दक्षिण अमेरिका	1
दक्षिण अमेरिकी	1
दक्षिण एशिया	1
दक्षिण कोरियाई	1
दक्षिण चीन सागर	1
दक्षिणध्रुवीय	1
दक्षिणपूर्व एशियाई	1
दक्षिणी ध्रुव	1
ददा	1
दफन	1
दफना	1
दफनाना	1
दफ़नाने	1
दबाऊंगा	1
दबाना	1
दबाया	1
दबायेंगे	1
दमकल	1
दमड़ी	1
दमन और दीव	1
दयनीय	1
दराज़	1
दरियाई घोड़ा	1
दरेश	1
दर्शन	1
दलिया	1
दवालिन	1
दस्तखत	1
दस्ता	1
दस्ताने	1
दहाड़े	1
दाँव	1
दांपत्य	1
दाईं	1
दाएँ	1
दाग	1
दाग़	1
दागो	1
दाढ़	1
दादर	1
दादरा और नगर हवेली	1
दानव ग्रह	1
दाना	1
दानी	1
दाने	1
दामोदरन	1
दायें	1
दारेश	1
दार्जीलिंग	1
दावत	1
दावे	1
दास्ताँ	1
दाहिनी	1
दिआखो	1
दिक्	1
दिखने	1
दिखाइये	1
दिखाऊँ	1
दिखाऊँगा	1
दिखाऊँगी	1
दिखें	1
दिखेंगी	1
दिजीए	1
दिपनारथिन्कस	1
दिलवाया	1
दिलाए	1
दिलाना	1
दिलाने	1
दिलासा	1
दिष्ट	1
दिहनी	1
दिहल	1
दिही	1
दीपक	1
दीप्त	1
दीप्ति	1
दीये	1
दुःखी	1
दुआओं	1
दुकाने	1
दुक्कड़म	1
दुनियां	1
दुबला	1
दुबे	1
दुर्ग	1
दुर्घटनाओं	1
दुर्भाग्य	1
दुर्लभ	1
दुला	1
दुलार	1
दुल्हन	1
दुविधा	1
दुस्साहस	1
दूजे	1
दूरदर्शन	1
दूरभाष	1
दूषित	1
दृढ़	1
दृष्ट्या	1
देखत	1
देखतें	1
देखल	1
देखूँ	1
देखोगी	1
देदीजिए	1
देनदार	1
देवयानी तारामंडल	1
देवयानी मंदाकिनी	1
देवराज ध ग्रेट	1
देवियो	1
देवो	1
देवों	1
देशभक्त	1
देशभक्तिपूर्ण	1
देह	1
दोर्जे	1
दोस्तोयेवस्की	1
दोहराता	1
दौड़ने	1
दौड़ाओ	1
दौरान	1
दौलत	1
द्युति	1
द्विजारेय	1
द्वितीय	1
द्विभूयाति	1
द्वीपपुंज	1
ध	1
धंधा	1
धकेलना	1
धड़कन	1
धत्त	1
धनयवाद	1
धनिया	1
धनी	1
धरम	1
धरा	1
धर्मसंकट	1
धाम	1
धार्मिक	1
धिक्कार	1
धीरज	1
धुरी	1
धुलवानीं	1
धूम	1
धूमिल	1
धोए	1
धोकर	1
धोखेबाज	1
धोना	1
धौंकनी	1
ध्रुमपान	1
ध्रुव तारा	1
ध्रुवमत्स्य	1
नइखीं	1
नईम मियाँ	1
नक़ल	1
नक्काशी	1
नक्शे	1
नगर निगम	1
नगर हवेली	1
नगीना	1
नजरिए	1
नज़रें	1
नट	1
नतीजों	1
नथ	1
नथिंग	1
नदियाँ	1
ननकाना साहिब	1
नमकीन	1
नमूने	1
नयन	1
नये वॉक्सटर्म रंगरूट	1
नर	1
नरवानर	1
नरसंहार	1
नर्स	1
नल	1
नली	1
नव रतन	1
नवंबर	1
नवपाषाण युग	1
नवी मुंबई	1
नशेड़ी	1
नस	1
नसीबवाला	1
नहर स्ट्रीट	1
नहाना	1
नहाय	1
नहायेंगे	1
नहोको सतोमी	1
नाँव	1
नांव	1
नाइट	1
नाई	1
नाईट	1
नाउ	1
नाकामयाब	1
नाकों	1
नागरिकों	1
नाचूँगी	1
नाजी	1
नाड़ी	1
नामी	1
नामो	1
नारंगी	1
नाराज	1
नारायण जी	1
नालायक	1
नालायकों	1
नावों	1
नाज़ुक	1
निकट	1
निकलती	1
निकलेंगे	1
निकाय	1
निकालिए	1
निकाले	1
निकालोगे	1
निकोबार द्वीपसमूह	1
निकोलस	1
निकोलाएवना	1
निगरानी	1
निचला	1
निचे	1
नितत्नी	1
निन्जा	1
निपट	1
निपटना	1
निपटा	1
निपटान	1
निपटेंगे	1
नियंत्रण रेखा	1
नियुक्त	1
नियुक्ति	1
निरपेक्ष	1
निराकार	1
निराला नगर	1
निराशा	1
निर्गम	1
निर्दय	1
निर्देशांक	1
निर्धारित	1
निर्माण	1
निर्माता	1
निर्यात	1
निर्वाचन क्षेत्र	1
निर्वात	1
निर्वाह	1
निलंबित	1
निवास स्थान	1
निशानी	1
निशिनोमिया	1
निषाद	1
निषेचन	1
निषेध	1
निष्कर्ष	1
निष्कासित	1
निष्क्रिय	1
निस	1
निस्वार्थी	1
निहत्थे	1
निहद	1
निहायती	1
नींबू	1
नीद	1
नीम	1
नील आर्मस्ट्रांग	1
नील डायमंड	1
नुक़सान	1
नुकीली	1
नुक्कड़	1
नुमाइश	1
नुशी	1
नेकी	1
नेड	1
नेतृत्व	1
नेविगेट	1
नेविस	1
नैतिकता	1
नैदानिक	1
नॉनसेंस	1
नोकरी	1
नोच	1
नोटिस	1
नोट्स	1
नोरिको	1
नौशकी	1
नौसिखियों	1
न्यायाधीश	1
न्यू	1
न्यू यॉर्कर	1
न्यू साउथ वेल्स	1
न्यूट	1
न्यूमेथौरेक्स	1
पंकाउ	1
पंक्ति	1
पंक्तिबद्ध	1
पंक्तियों	1
पंचमी	1
पंचायती राज	1
पंजर	1
पंजा	1
पईसा	1
पकड़ता	1
पकड़ते	1
पकड़ें	1
पकड़ेंगे	1
पकड़ोगे	1
पकाऊँगा	1
पकाओ	1
पकड़ता	1
पकड़ना	1
पगड़ी	1
पगला	1
पचड़े	1
पछताए	1
पछतावा	1
पछतावे	1
पटक	1
पट्ठा	1
पट्ठे	1
पड़ती	1
पड़ें	1
पढ़के	1
पढ़ाया	1
पढ़ी	1
पढ़ें	1
पढ़ेंगे	1
पढ़ोगे	1
पतझड़	1
पत्तन	1
पत्ता गोभी	1
पत्नियों	1
पत्रिका	1
पद	1
पदलोलुप	1
पदार्थ	1
पदों	1
पधारा	1
पनामा नगर	1
पपिश	1
पपी पैंट	1
पप्पी	1
परख	1
परजीवी विज्ञान	1
परतंत्र	1
परनानी	1
परमदानव	1
परमात्मा	1
परमिट	1
परसाद	1
पराजित	1
परिच्छेद	1
परिणाम	1
परित्याग	1
परिपथ	1
परिमेय	1
परियोजना	1
परिवर्तक	1
परिवर्तन चौक	1
परिसंचरण	1
परीक्षण	1
परेशानियां	1
परोपकारी	1
पर्क	1
पर्दा	1
पर्यटन	1
पलट	1
पलटवार	1
पलवांचा	1
पलायन	1
पलेथन	1
पवित्र रोम साम्राज्य	1
पश्चिम एशियाई	1
पश्चिम गोदावरी	1
पश्चिम बंगाल	1
पश्चिमी एशिया	1
पश्चिमी पाकिस्तान	1
पश्तून	1
पसन्द	1
पसीने	1
पहचानना	1
पहनती	1
पहनाओगे	1
पहनूंगा	1
पहनोगी	1
पहर	1
पहल	1
पहिए	1
पहिया	1
पहियों	1
पहिलहीं	1
पहुँचाएँ	1
पहुँचाना	1
पहुँचेगा	1
पहुंचा	1
पहुंचाएगा	1
पहुंचाता	1
पहुंचूंगा	1
पहुंचें	1
पहुंचेगी	1
पहुचेंगे	1
पाँचों	1
पांडु	1
पाइनएप्पल	1
पाई	1
पाउंगा	1
पाउडर	1
पाऊंगा	1
पाएँगे	1
पाएंगे	1
पाओ	1
पाक	1
पाठा	1
पातालतोड़	1
पात्रे	1
पाद	1
पान	1
पाना	1
पापुआ न्यू गिनी	1
पाय	1
पायजामा	1
पायेगा	1
पारंपरिक	1
पारम्परिक	1
पारसी	1
पारित	1
पार्टनर	1
पार्श्वों	1
पालथी	1
पालनपोषण	1
पालनी	1
पाला	1
पालुंगा	1
पाव भाजी	1
पावर	1
पाश	1
पाशा	1
पाषाण युग	1
पासा	1
पासे	1
पिंजरे	1
पिंपरी	1
पिएगा	1
पिकअप	1
पिघलाते	1
पिघलेगी	1
पिछड़ा	1
पिछवाड़ा	1
पिछाड़ी	1
पिज़ा	1
पिटाई	1
पिता जी	1
पिद्दियों	1
पिपासु	1
पियेंगे	1
पियोगे	1
पिरता	1
पिरोना	1
पिलाऊँ	1
पिल्ला	1
पिस	1
पिसता	1
पिसे	1
पी-मेल	1
पीएम साहब	1
पीकर	1
पीकापू	1
पीके	1
पीटर क्रांज	1
पीटेगी	1
पीड़ा	1
पीनी	1
पीया	1
पीयो	1
पीली नदी	1
पीसना	1
पुकार	1
पुकारो	1
पुच्छल	1
पुजा	1
पुणे	1
पुण्यता	1
पुत्तर	1
पुनर्चक्रण	1
पुनर्जीवित	1
पुनर्मिलन	1
पुफ	1
पुरखों	1
पुरातत्व शास्त्र	1
पुरापाषाण काल	1
पुर्जे	1
पुलस्त्य तारा	1
पुलह तारा	1
पुलाव	1
पुलिया	1
पुलिस स्टेशन	1
पुलिसवाला	1
पुल्टा	1
पुश्तैनी	1
पूंछ	1
पूंजी	1
पूआ	1
पूछताछ	1
पूछुगा	1
पूछे	1
पूछें	1
पूछेंगे	1
पूजा	1
पूरन पोली	1
पूर्व गोदावरी	1
पूर्वाग्रह	1
पूर्वाभ्यास	1
पूर्वी	1
पूर्वी एशिया	1
पूर्वी एशियाई	1
पूर्वी तिमोर	1
पूल	1
पेंट	1
पेंसिल	1
पेइक लिन	1
पेई	1
पेज	1
पेड़ों	1
पेढ	1
पेश	1
पेशकश	1
पेशा	1
पेशावर	1
पेशेंट	1
पेड़	1
पै	1
पैंट्स	1
पैकेट	1
पैक्सन	1
पैतृक	1
पैना	1
पैमाने	1
पैरिस	1
पैरिस फ़्रांस	1
पैरीस	1
पैरेंटल	1
पैसेज	1
पॉकेट	1
पॉट	1
पॉलिटिक्स	1
पॉलिना	1
पॉलिश	1
पॉवर	1
पोंग	1
पोंछो	1
पोछा	1
पोरबंदर	1
पोर्ट ब्लेयर	1
पोर्श	1
पोशना	1
पौधा	1
प्याज	1
प्याज़	1
प्यूर्टो रिको	1
प्रकट	1
प्रकाशित	1
प्रकाशीय	1
प्रकोप	1
प्रक्षेपण केंद्र	1
प्रचलन	1
प्रज्वलित	1
प्रज्वाल	1
प्रणाम	1
प्रतिक्रिया	1
प्रतिगामी	1
प्रतिबिम्ब	1
प्रतिभाशाली	1
प्रतिरूप	1
प्रतिहार	1
प्रत्यक्ष	1
प्रत्यक्ष विदेशी निवेश	1
प्रत्यर्पित	1
प्रत्यारोपण	1
प्रत्यावर्ती	1
प्रत्याशा	1
प्रथम	1
प्रथम विश्वयुद्ध	1
प्रथमा	1
प्रदेश	1
प्रधान मंत्री	1
प्रधान मध्याह्न रेखा	1
प्रधान सेनापति	1
प्रबंध	1
प्रबंध निदेशक	1
प्रबंधन	1
प्रबलित	1
प्रभारी	1
प्रमुख	1
प्रमोशन	1
प्रयास	1
प्रयोगशाला	1
प्रवचन	1
प्रवासी पक्षी	1
प्रवृत्त	1
प्रशांत	1
प्रशान्त महासागर	1
प्रशासनिक	1
प्रशिक्षण	1
प्रशिक्षित	1
प्रश्नोत्तरी	1
प्रस्ताव	1
प्रस्तावों	1
प्रांगार	1
प्राचीन मिस्र	1
प्राचीन यूनान	1
प्राण	1
प्राप्ति	1
प्रारंभ	1
प्रारंभिक	1
प्रारम्भ	1
प्रावस्था	1
प्रियस	1
प्रिये	1
प्रेक्षित	1
प्रेजेंट	1
प्रेजेंटेशन	1
प्रेत	1
प्रेरित	1
प्रेशर कुकर	1
प्रोटो	1
प्रोटोटाइप	1
प्रोत	1
प्रोपेन	1
प्रौद्योगिकी	1
प्लस	1
प्लांट	1
प्लास्टर	1
प्लेट	1
प्लेन	1
प्लेसेंटा	1
प्लैंक स्थिरांक	1
प्वाइंट	1
पड़े	1
पड़ेगा	1
पड़ोसी	1
पढ़ाओगे	1
फँसे	1
फंदा	1
फक	1
फटाफट	1
फन्ने खाँ	1
फब्ती	1
फर्नीचर	1
फर्माँ	1
फलहीन	1
फहीम	1
फ़जर	1
फ़न्ने	1
फ़रामोश	1
फ़र्क	1
फ़र्क़	1
फ़लाना	1
फ़साद	1
फ़हमी	1
फ़ाई	1
फ़ायदेमंद	1
फ़िजी हिंदी	1
फ़िजी हिन्दी	1
फ़िर	1
फ़िस्ट	1
फ़ीजी हिंदी	1
फ़ीजी हिन्दी	1
फ़ुटबॉल	1
फ़ूल	1
फ़ूल पानी	1
फ़ेरमोन	1
फ़ैज़	1
फ़ॉरएवर	1
फ़ॉरएवर पपी	1
फ़ौज	1
फ़्रानसीसी	1
फ़्रिज	1
फांसी	1
फाइटिंग	1
फाख्ता	1
फाटक	1
फादर	1
फादिल	1
फालतु	1
फालतू	1
फिकर	1
फिक्र	1
फिक्शन	1
फिक्स	1
फिनिश्ड	1
फियोना	1
फिरना	1
फिराया	1
फिशिंग	1
फिसड्डी	1
फिसिंग	1
फिस्सडी	1
फिस्सड्डी	1
फीट	1
फुंसुख	1
फुकुई	1
फुटबॉलर	1
फुटिया	1
फुनसुख वांगडू	1
फुफेरा	1
फुफेरी	1
फुर्ति	1
फुस	1
फुसुर	1
फूटी	1
फूटेगा	1
फेंकिए	1
फेंकी	1
फेंको	1
फेरी	1
फैंटा	1
फैरेल	1
फैलती	1
फैलाव	1
फैशन	1
फैशन बुटीक	1
फैज़ल मियाँ	1
फॉर	1
फॉर्मूला	1
फोकस	1
फोटो	1
फोटोकॉपी	1
फोटोग्राफर	1
फोड़ता	1
फ्रिट्ज	1
फ्रेंड	1
फ्रेडी	1
फ्रेडी फिंकल	1
फ्रेश	1
फ्रॉ हिटलर	1
फ्लाइट डेक	1
फ्लावर्स	1
फ्लिन	1
फ्लैप	1
फ्लॉप	1
फ्लॉर्ड	1
बंगडू	1
बंगाल	1
बंड	1
बंदरगाह	1
बंदरों	1
बंदी	1
बंदी प्रत्यक्षीकरण	1
बंधन	1
बंधनमुक्त	1
बंधु	1
बंधू	1
बंसल	1
बक-बक	1
बकरे	1
बक्शी	1
बखतर	1
बग़ैर	1
बगाहे	1
बचकर	1
बचकाना	1
बचत	1
बचने	1
बचाकर	1
बचारा	1
बचीं	1
बचेंगे	1
बच्चो	1
बजती	1
बजी	1
बजेगी	1
बटन	1
बटरबॉल	1
बटेर	1
बटोरो	1
बट्टा	1
बड़ंग	1
बड़बोले	1
बड़हंस सारंग	1
बडी	1
बढ़ते	1
बढ़ने	1
बढ़ा	1
बढ़ाते	1
बढ़ाने	1
बढ़े	1
बढियाॅंं	1
बतख़	1
बतमीजी	1
बताईये	1
बताऊं	1
बताएंगे	1
बतादेना	1
बतानी	1
बत्तख	1
बद	1
बदतमीज	1
बदतमीज़	1
बदनामी	1
बदमाशों	1
बदलनी	1
बदली	1
बदौलत	1
बधाईयाँ	1
बधिर	1
बनते	1
बनवाएंगे	1
बनवाते	1
बनाओगे	1
बनातीं	1
बनाये	1
बनायेंगे	1
बनावट	1
बनिता	1
बनूंगा	1
बनेगी	1
बन्दूक	1
बपतिस्मा	1
बबर	1
बबूल	1
बब्जी	1
बमबारी	1
बमवर्षक	1
बरतें	1
बरफ	1
बरबादी	1
बरसते	1
बरसना	1
बरसाती	1
बरार	1
बरीकी	1
बर्खास्त	1
बर्नार्ड ताई	1
बर्फ	1
बर्मी	1
बर्रा	1
बलगतिकी	1
बलिदान	1
बलुआ	1
बलोचिस्तान	1
बलोची	1
बसंत	1
बसीं	1
बस्त	1
बहत्तर	1
बहना	1
बहनो	1
बहनों	1
बहाई धर्म	1
बहादुरी	1
बहाल	1
बहु	1
बहु तारा	1
बहुतायत	1
बहुमत	1
बहुरूपिए	1
बहू	1
बाँक	1
बाँका	1
बाँटने	1
बाँसुरी	1
बांड	1
बाइओक्को	1
बाइबल	1
बाईस	1
बाउंसी	1
बाकियों	1
बाग़ान	1
बागिन	1
बाजरा	1
बाजी	1
बाटना	1
बाड़ऽ	1
बाड़े	1
बाते	1
बाथटब	1
बान	1
बाबू डकैत	1
बायकॉट	1
बायरन	1
बायरन हैडली	1
बायलर	1
बायें	1
बायोकेमिस्ट	1
बारबूडा	1
बाराती	1
बारीकी	1
बार्फ़	1
बार्सेलोना	1
बार्सेलोना स्पेन	1
बालियां	1
बाली	1
बावजूद	1
बासठ	1
बाहों	1
बिंकी	1
बिका	1
बिक्री	1
बिखर	1
बिग बॅंग	1
बिग बॉस दो	1
बिगड़ा	1
बिगाड़ते	1
बिगाड़ा	1
बिगाड़ो	1
बिच्छू	1
बिछड़	1
बिज़ी	1
बिता	1
बिताओगे	1
बिताती	1
बिताने	1
बिदाई	1
बिन	1
बिनब्याही	1
बिर्रा	1
बिल गुनहगार	1
बिलकूल	1
बिसाऊ	1
बिसात	1
बिस्किट्स	1
बिस्कुट	1
बिस्तरों	1
बी टेक	1
बीका	1
बीज गणित	1
बीजी	1
बीटल	1
बीता	1
बीथोवन	1
बीमा	1
बी१२	1
बुआ	1
बुक	1
बुक रिपोर्ट	1
बुककेस	1
बुक्स	1
बुजुर्ग	1
बुझक्कड़	1
बुझाओ	1
बुझाया	1
बुटीक	1
बुड्ढा	1
बुड्ढी	1
बुढे	1
बुत	1
बुध	1
बुधवार	1
बुर	1
बुराई	1
बुर्का	1
बुर्के	1
बुर्ज खलीफा	1
बुर्ज ख़लीफ़ा	1
बुलंद दरवाज़ा	1
बुलबुले	1
बुलवाई	1
बुलशिट	1
बुलांएगे	1
बुलाऊंगी	1
बुलाएं	1
बुलाएगा	1
बुलाता	1
बुलेट ट्रेन	1
बूँद	1
बूंद	1
बूझ	1
बूट	1
बूढ़ी	1
बृंदावनी सारंग	1
बृहस्पति द्रव्यमान	1
बॅलाट्रिक्स तारा	1
बेआराम	1
बेइज्जती	1
बेकरार	1
बेखर	1
बेचकर	1
बेचने	1
बेचा	1
बेचूंगा	1
बेचैन	1
बेटियाँ	1
बेट्ज़लर	1
बेड्ज्जती	1
बेढंगी	1
बेबी बूमर	1
बेब्स	1
बेल	1
बेल्ट	1
बेवक़ूफ़	1
बेवकूफ़ी	1
बेवकूफ़ो	1
बेवकूफी	1
बेवकूफों	1
बेशकीमती	1
बैंग	1
बैंचों	1
बैंडेज	1
बैकग्राउंड	1
बैगन	1
बैच	1
बैट	1
बैटरीज़	1
बैटिए	1
बैठये	1
बैठोगे	1
बैताल	1
बॉटनेट्स	1
बॉटम क्वार्क	1
बॉम्बेर	1
बॉय	1
बोओगे	1
बोगार्ट	1
बोगीमैन	1
बोथरियोलेपिस	1
बोनस	1
बोफूर	1
बोया	1
बोरिंग	1
बोरी बंदर	1
बोर्ड	1
बोलावत	1
बोलियां	1
बोली	1
बोलूंगा	1
बोलेंगे	1
बोलोगी	1
बोल्ग	1
बोल्ट	1
बोस	1
बोस्निया और हर्ज़ेगोविना	1
बौद्ध धर्म	1
बौनी	1
ब्याज	1
ब्यूनस आयर्स	1
ब्रह्म	1
ब्रह्मस	1
ब्रह्मांड	1
ब्राइट	1
ब्रिगेडफ्यूरर	1
ब्रिटिश	1
ब्रुनहिल्दे	1
ब्रूक्स हैटलन	1
ब्रूच	1
ब्रेकर	1
ब्रो	1
ब्रोकन	1
ब्लडविस्ट	1
ब्लडी एटीन्थ सेंचुरी	1
ब्लाच	1
ब्लैक	1
ब्लैकबोर्ड	1
ब्लॉन्डी	1
ब्लो	1
बड़ों	1
बढ़	1
बढ़ी	1
बढ़ेगी	1
बढ़ो	1
भंगुर	1
भंडाफोड़	1
भंडारण	1
भक्त	1
भगवन	1
भगवान डेन	1
भगोड़ा	1
भगोड़े	1
भटकल	1
भटूरे	1
भट्ट	1
भट्टी	1
भय	1
भयिल	1
भरकम	1
भरपाई	1
भराई	1
भरें	1
भरोसे	1
भर्ती	1
भर्त्सना	1
भल्ला	1
भव	1
भवन	1
भस्म	1
भा	1
भाँड़	1
भाईसाहब	1
भाऊ	1
भागत	1
भागने	1
भागे	1
भागेगा	1
भागेला	1
भाटा	1
भात	1
भाता	1
भानना	1
भामचिक	1
भारत गणराज्य	1
भारतीय उपमहाद्वीप	1
भारोपीय	1
भावी	1
भावुक	1
भाषाविज्ञान	1
भिंडी	1
भींजल	1
भीक	1
भीख	1
भीगना	1
भुगतो	1
भुगतोगे	1
भुजंग	1
भुना	1
भुनाने	1
भूखी	1
भूतनी	1
भून	1
भूमंडलीय	1
भूमध्य रेखा	1
भूमिका	1
भूलते	1
भूलें	1
भूलेंगे	1
भूविज्ञान	1
भेजना	1
भेजे	1
भेद	1
भेदी	1
भोंदू	1
भोगना	1
भोज	1
भोटिया	1
भौं	1
भौंकने	1
भौंह	1
भौंहों	1
भ्रमित	1
भ्राता	1
मँगवाए	1
मंगवाओ	1
मंगा	1
मंगाऊँ	1
मंगाया	1
मंचों	1
मंजन	1
मंडली	1
मंत्र	1
मंत्रिमंडल	1
मंथन	1
मंदबुद्धि	1
मंदाकिनी गुच्छ	1
मंदाकिनी समूह	1
मई अप्रैल	1
मकडियों	1
मकर संक्रांति	1
मकसूद मियाँ	1
मकोड़ा	1
मगरमच्छ	1
मची	1
मछलियों	1
मछली बाज़ार	1
मजदूरों	1
मजनू	1
मज़दूरी	1
मज़ार	1
मजे	1
मटंका	1
मटवे	1
मटोल	1
मठाधीश	1
मण्डली	1
मतभेद	1
मताधिकार	1
मद	1
मदनगोर	1
मद्द	1
मद्देनज़र	1
मधु	1
मध्य अंडमान	1
मध्य अफ़्रीकी गणराज्य	1
मध्य अमेरिका	1
मध्य एशिया	1
मध्य एशियाई	1
मध्य प्रदेश	1
मध्यपाषाण काल	1
मध्यम	1
मन मोहन	1
मनन	1
मनमोहक	1
मनायेगी	1
मनाली	1
मनुष्यों	1
मनोविज्ञान	1
मनोवैज्ञानिक	1
ममिया	1
ममिया भाई	1
ममेरा	1
ममेरी	1
मय	1
मरणोत्तर	1
मरती	1
मरमेड	1
मरम्मत	1
मरयम	1
मरवाओगे	1
मरवाने	1
मरवायेगा	1
मरियम	1
मरीचि	1
मरीज़	1
मरीना	1
मरेंगे	1
मरोगे	1
मर्जां	1
मर्दन	1
मलीन	1
मलेशियाई	1
मवरिक	1
मशाल	1
मशालों	1
मशीन गन	1
मशीनों	1
मसला	1
मसालेदार	1
मसीह	1
मसूर	1
मसें	1
मसौदे	1
महत्त्वपूर्ण	1
महफूज़	1
महागुच्छ	1
महादेव	1
महाद्वीपीय	1
महापुरुष	1
महामारी	1
महाशय	1
महीनों	1
महोदया	1
माँगना	1
माँगी	1
माँगूँ	1
माँगो	1
माँचोद	1
मांग	1
मांगता	1
मांगती	1
मांगना	1
मांगनी	1
मांगे	1
मांगें	1
मांगो	1
माइंड	1
माइग्रेन	1
माउस	1
माका	1
माजरा	1
मातरम	1
मातरम्	1
माता-पिता	1
मातृ भाषा	1
मातृभूमि	1
मात्र	1
मादर	1
मादरी	1
मानकीकरण	1
मानतीं	1
मानस विहार	1
मानसिकता	1
मानी	1
मानूँगा	1
माने	1
मानोगे	1
मामू	1
माय गॉड	1
मायने	1
माया	1
माया केउत्स	1
मारते	1
मारनेवाला	1
मारवांस	1
मारवान	1
मारिया टिमोफेयेवना	1
मारिया निकोलाएवना	1
मारूँगी	1
मारूंगी	1
मारेंगे	1
मार्क	1
मार्च	1
मार्जक	1
मार्जरिन	1
मार्न	1
मार्शल	1
मार्शल द्वीपसमूह	1
मार्शल सुकोव	1
माला	1
माली	1
मासिक	1
मासूमियत	1
मास्को रूस	1
माहौल	1
माफ़ी	1
मि.	1
मिकी माउस	1
मिचौली	1
मिच्छामि	1
मिजाजी	1
मिटा	1
मिठास	1
मिथुन तारामंडल	1
मिनिट	1
मिनिटों	1
मिन्टी	1
मिया डोलन	1
मिरर	1
मिरांडा	1
मिरांडा अधिकार	1
मिलर	1
मिलाएं	1
मिलाओ	1
मिलाना	1
मिलाने	1
मिलिये	1
मिली केला	1
मिलूँगी	1
मिलूंगा	1
मिस लियोंग	1
मिस सतोमी	1
मिसाइल्स	1
मिसिंग	1
मिसेज़ शर्मा	1
मिस्टर हिटलर	1
मिस्ड	1
मिस्र अरब गणराज्य	1
मीडिया	1
मीन	1
मीर	1
मीरपुर ख़ास	1
मीलों	1
मुँहतोड़	1
मुंड	1
मुंडन	1
मुंशी पुलिया	1
मुअल्ला	1
मुआफ़	1
मुकर्रर	1
मुक़द्दस	1
मुकाबला	1
मुकाबले	1
मुक्ति	1
मुखबिर	1
मुख्यमंत्री	1
मुख्यालय	1
मुग़ल साम्राज्य	1
मुजे	1
मुझमें	1
मुठ	1
मुड़ना	1
मुताज़	1
मुताबिक	1
मुताबिक़	1
मुद्रण	1
मुफ्तखोर	1
मुरदा	1
मुर्ग़ी	1
मुर्गियाँ	1
मुर्गियां	1
मुल्क	1
मुल्ला	1
मुसकुराइए	1
मुसकुराओ	1
मुस्कराए	1
मुस्कुराहट	1
मुहम्मद अल फैज़	1
मुहर	1
मुहैया	1
मूँगा	1
मूंगफली	1
मूंगा	1
मूंछ	1
मूंछें	1
मूक	1
मूकदर्शक	1
मूतेगा	1
मूत्र	1
मूत्रविसर्जन	1
मूरी	1
मूर्खो	1
मूव	1
मृग	1
मृग तारामंडल	1
मॅजलॅनिक	1
मॅजलॅनिक बादल	1
मेक	1
मेकरल	1
मेक्काल	1
मेक्सिको नगर	1
मेख	1
मेघयंती	1
मेडिकल	1
मेढक	1
मेढ़ा	1
मेधा	1
मेधावी	1
मेन नेशनल बैंक	1
मेनिकोनी	1
मेनू	1
मेमना	1
मेमोरी	1
मेरिएयर	1
मेला	1
मेसिना	1
मेहमानों	1
मेेरी	1
मैगजीन	1
मैग्डा	1
मैने	1
मैनेजमेंट	1
मैराडोना	1
मैला	1
मॉडल	1
मॉनिटर	1
मॉरमन	1
मोक्ष	1
मोज़े	1
मोटे	1
मोडा	1
मोडेना	1
मोतियों	1
मोत्ज़ारेला	1
मोरक्को	1
मोर्गोथ	1
मोर्चा	1
मोल	1
मोहतरमा	1
मोहर	1
मौंके	1
मौज़ा	1
मौजूदगी	1
मौद्रिक	1
मौसम विज्ञान	1
मौसेरा	1
मौसेरी	1
म्युचुअल	1
म्यूजिक	1
म्यूनिख	1
म्यूज़िक	1
मज़ाकिया	1
यथा	1
यथार्थ	1
यम	1
यमन कल्याण	1
यमी	1
यहा	1
यहांं	1
यहूदा इस्करियोती	1
यहूदी धर्म	1
या 	1
यान्नी मुसलमान	1
यारी	1
यार्ड	1
यालिना	1
याह	1
याहू	1
याहू!	1
युगांडा	1
युगांतर	1
युद्ध कला	1
युद्धक	1
युवा श्रीमान	1
यूं	1
यूएस	1
यूक्रेनी	1
यूजीनिया	1
यूनाइटेड किंगडम	1
यूनिफार्म	1
यूमी	1
यूरी झारी	1
यूरोपीय संघ	1
येंगे	1
येरुशलम	1
यॉर्गेन	1
यो	1
यों	1
योग्यतम	1
योजनाएँ	1
योशी	1
यौगिक	1
र 	1
रंगरूट	1
रंगा	1
रउरो	1
रक़ील	1
रखकर	1
रखतीं	1
रखते	1
रखदो	1
रखाव	1
रखिये	1
रखूँगा	1
रखों	1
रखोगी	1
रगड़	1
रगड़ो	1
रग्बी	1
रचना	1
रचनात्मक	1
रचेल	1
रज्जाक	1
रट्टा	1
रणछोड़	1
रत्न	1
रन	1
रनवे	1
रफ्तार	1
रबी	1
रब्बा	1
रमदू फट्टू	1
रवानगी	1
रसकी	1
रसल	1
रसायण	1
रसायन शास्त्र	1
रस्टिकेट	1
रस्म	1
रस्सियों	1
रहकर	1
रहमान मियाँ	1
रहस्यों	1
रहीम नगर	1
रहीम यार ख़ान	1
रहेंगी	1
राइट	1
राइट टाउन	1
राइडिंग	1
राई	1
राकेट	1
राघव जी	1
राज कचौड़ी	1
राज महल	1
राजकीय	1
राजकुमार	1
राजनीतिक	1
राजनैतिक	1
राजाजी	1
राजू रस्तोगी	1
राज्य सभा	1
राज्य सरकार	1
राज्यपाल	1
राज्याभिषेक	1
रान	1
रान्डेल स्टीवंस	1
राम कहानी	1
रामदासी	1
रामुडु	1
रामुडु स्कूल	1
रावलपिंडी	1
राष्ट्रीय उद्यान	1
राष्ट्रीय समाजवाद	1
रास अल-ख़ैमा	1
रिओ ग्रांडे नदी	1
रिकॉर्डिंग	1
रिक्त	1
रिच	1
रिचर्ड्स	1
रिजल्टिंग	1
रिजेक्टेड	1
रिमेम्बर	1
रिमोट	1
रियल एस्टेट	1
रिया	1
रियात	1
रियो डि जेनेरो	1
रिसाव	1
रिहर्सल	1
रीक	1
रीटा	1
रीटा हेवर्द	1
रीडिंग	1
रीति	1
रील	1
रीज़न	1
रुकते	1
रुकुंगी	1
रुकेंगी	1
रुकेंगे	1
रुचि	1
रुद्र वीणा	1
रुपया	1
रुमाल	1
रूज	1
रूपमें	1
रूबी	1
रूबीज़	1
रूसियों	1
रूह	1
रूह अफ़ज़ा	1
रेक्टर स्ट्रीट	1
रेख	1
रेखांकित	1
रेडिकल	1
रेडी	1
रेनकोट	1
रेनाल्ड	1
रेनॉल्ड डी चैटिलन	1
रेप	1
रेल	1
रैंपर्ट	1
रैनचो	1
रॉक	1
रॉकफेलर	1
रॉक्स	1
रॉन्ग	1
रॉबर्ट फ्रॉस्ट	1
रॉबर्ट लुई	1
रोंदूमल	1
रोए	1
रोओगे	1
रोककर	1
रोकती	1
रोकी	1
रोके	1
रोग़न जोश	1
रोजगार	1
रोजर	1
रोज़ी	1
रोजाना	1
रोजी	1
रोती	1
रोप	1
रोमनों	1
रोमांच	1
रोल	1
रौ	1
रौशन	1
लंका	1
लंकादहन	1
लंगर	1
लंबाई	1
लइकन	1
लइका	1
लइकी	1
लक	1
लक्सेमबोर्ग	1
लखीमपुर खीरी	1
लगवाओ	1
लगाइये	1
लगाईं	1
लगाऊँ	1
लगाएँ	1
लगाएं	1
लगाओगे	1
लगाने	1
लगूँगा	1
लगेगी	1
लटका	1
लटके	1
लड़कर	1
लड़कियाँ	1
लड़को	1
लड़खड़ाए	1
लड़ाना	1
लड़ी	1
लड्डी	1
लड्डू	1
लन्दन	1
लपटें	1
लय	1
लयारी टास्क फोर्स	1
ललित कला	1
ललित पंचम	1
लहरा	1
लहरों	1
लहू	1
लांग	1
लांछन	1
लांड़	1
लाइट मशीन गन	1
लाइन्स	1
लाइब्रेरियन	1
लाईं	1
लाखवाँ	1
लागल	1
लाट	1
लाठी	1
लाडला	1
लाड़	1
लातों	1
लाने	1
लार्ड	1
लाल सागर	1
लावा	1
लाह	1
लाड़	1
लिंगायत धर्म	1
लिंगो	1
लिंडसी	1
लिंड्ज़ी	1
लिखती	1
लिखावट	1
लिखूँगा	1
लिखूंगा	1
लिटिल	1
लिनन	1
लिपि	1
लिफ़ाफ़ा	1
लिफ्ट	1
लिमिटेड	1
लीक	1
लीग	1
लीजिये	1
लुईस	1
लुईस आर्मस्ट्रांग	1
लुहान	1
लू	1
लूँ	1
लूंगी	1
लूटपाट	1
लूटा	1
लॅपटॉप	1
लेंगें	1
लेक्स	1
लेखिका	1
लेगोलस ग्रीनलीफ	1
लेज़्ली	1
लेजा	1
लेजाओ	1
लेजाने	1
लेटे	1
लेटो	1
लेड	1
लेडी	1
लेन	1
लेनेवाला	1
लेबियाडकिन	1
लेले	1
लेसली	1
लेज़ारस	1
लैक्टोज	1
लैप्स	1
लैब्राडूडल	1
लैला टैक्सी	1
लॉक	1
लॉर्ड	1
लॉलीपॉप	1
लों	1
लोकतंत्र	1
लोकेशन	1
लोडिंग	1
लोथलोयन	1
लोन	1
लोबेलिया	1
लोहंडा	1
लौ	1
लौंडा	1
लौंड्री	1
लौटना	1
लौटूंगी	1
लौटे	1
लौडा	1
लौता	1
लौह युग	1
लड़कियाँ	1
लड़की।	1
लड़ाका	1
लड़ेंगे	1
वंडरफुल	1
वंदे	1
वइसे	1
वकालत	1
वकीलों	1
वक्ताओं	1
वतन	1
वदला	1
वध	1
वन्दे	1
वरण	1
वरी	1
वर्चस्व	1
वर्चस्ववाद	1
वर्चस्ववादी	1
वर्चुअल	1
वर्णन	1
वर्णमाला	1
वर्त	1
वर्तनी	1
वर्तमान	1
वर्दी	1
वर्षयंती	1
वर्षा	1
वर्साय	1
वसंत पंचमी	1
वसिष्ठ तारा	1
वसीयतनामा	1
वसुधैव	1
वसूल	1
वांग जियामिंग	1
वाई	1
वाकई	1
वाकर	1
वाक्यांश	1
वाट	1
वादाख़िलाफ़ी	1
वादाखिलाफ़ी	1
वादाखिलाफी	1
वादी	1
वान बीक	1
वानर	1
वानस्पतिक	1
वापीस	1
वायदा	1
वायर्स	1
वायुयान	1
वारिस	1
वालो	1
वास स्थान	1
वासयोग्य	1
वास्तव में	1
वाहन	1
वाहिका	1
विंग	1
विंडो	1
विकट	1
विकास नगर	1
विकि-शब्दकोश	1
विकिपीडिया	1
विकिरण विज्ञान	1
विकृत	1
विक्षोभ	1
विखंडन	1
विचलित	1
विजय दिवस	1
विज़िट	1
विटामिन	1
विटामिन ई	1
विटामिन डी	1
विडंबना	1
वितरण	1
विदा	1
विदेश मंत्रालय	1
विदेश मंत्री	1
विद्या	1
विधा	1
विधायक	1
विनायक	1
विनाश	1
विनिधान	1
विभाग	1
विभाजन	1
विभाजित	1
विमर्श	1
विमान वाहक पोत	1
विराम	1
विरासत	1
विरुद्ध	1
विल	1
विलंबित	1
विलायती	1
विलुप्त	1
विले पार्ले	1
विवश	1
विविक्त	1
विवेक	1
विवेकी	1
विशालकाय	1
विशालता	1
विशिष्ट आपेक्षिकता	1
विशुद्ध	1
विशेषण	1
विशेषता	1
विशेषाधिकार	1
विश्व धरोहर स्थल	1
विश्वयुद्ध	1
विषयों	1
विषाणु	1
विषात्तन	1
विषुवत	1
विष्ठा	1
विस्तार	1
विस्फोट	1
वीजाणु	1
वीटा	1
वीडियो गेम	1
वीभत्स	1
वीर	1
वीरू	1
वीर्य	1
वीर्यसेचन	1
वुल्फ	1
वूहू	1
वृद्धाश्रम	1
वृद्धि	1
वृधाश्रम	1
वृष तारामंडल	1
वृहत्	1
वेंडरबिल्ट	1
वेग	1
वेब	1
वैक्युम क्लीनर	1
वैक्यूम	1
वैगनर	1
वैटर	1
वैटिकन	1
वैदिक	1
वैद्यनाथन	1
वैर	1
वैश्विक	1
वॉकर	1
वॉक्सटर्म	1
वॉच टावर	1
वॉशिंगटन डी॰ सी॰	1
वॉज़	1
वोइला	1
वोग	1
वोह	1
व्यक्त	1
व्यक्तिगत	1
व्यतिरेकी	1
व्यय	1
व्यर्थ	1
व्यष्टि	1
व्याध	1
व्यापारिक	1
व्रत	1
व्हाई	1
व्हाईट	1
व्हाईट-जी भारत	1
व्हाल	1
व्हिस्की	1
व्हेल	1
वज़न	1
शंका	1
शंकु	1
शंघाई सहयोग संगठन	1
शकल	1
शक़्क़र	1
शक्ति कुमारे	1
शक्ति नगर	1
शक्तियों	1
शट	1
शनाप	1
शनी	1
शप	1
शब	1
शबनम	1
शब्दकोश	1
शब्दकोष	1
शब्दार्थ	1
शमशान	1
शमूएल नॉर्टन	1
शरमा	1
शराबा	1
शराबी	1
शरारती	1
शरीफ़	1
शर्मा	1
शर्माओ	1
शल्क	1
शल्य प्रसव	1
शशश	1
शहरी	1
शहीद	1
शहीद पथ	1
शांन्ति	1
शाखा	1
शान्त	1
शायरी	1
शाये	1
शायेद	1
शार	1
शाला	1
शासन	1
शासित	1
शास्त्र	1
शास्त्रीय	1
शाह बेग लेन	1
शाहीन बाग़	1
शिकनी	1
शिकारी	1
शिक्षित	1
शिखर	1
शिटलर	1
शिफ्ट	1
शिमला मिर्च	1
शिरानी	1
शिरोमणि	1
शिलालेखी	1
शिव	1
शिवम	1
शिविर	1
शिशिर	1
शिशुओं	1
शिष्टाचार	1
शीतकालीन	1
शीतोष्ण	1
शीतोष्ण कटिबंध	1
शीलता	1
शीस्ट	1
शु	1
शुभचिंतक	1
शुभप्रभात	1
शुल्क	1
शू	1
शृंखला	1
शृंगार	1
शेख	1
शेड्यूल	1
शेयर बाज़ार	1
शेरनी	1
शेरलोक होम्स	1
शेरवानी	1
शेव	1
शैंपू	1
शैतानों	1
शैली	1
शॉपिंग	1
शॉशैंक जेल पुस्तकालय	1
शोथ	1
शोध	1
शोधन	1
शोभा	1
शोरा	1
शोला	1
शौकत	1
शौक़	1
श्याम केदार	1
श्रम	1
श्री अकाल	1
श्री जयवर्धनेपुरा कोट्टे	1
श्री डुफ्रेन	1
श्री फ्रांसिस	1
श्री बच्चन	1
श्री हरमनानी	1
श्री हरीमऊ	1
श्रीमती माका	1
श्रृंखला	1
श्रेणी	1
श्रेत्र	1
श्वसन	1
श्वेत विवर	1
षड्यंत्र	1
षष्ठी	1
सँकरी	1
सँभाल	1
सँभालकर	1
संकरा	1
संकल्प	1
संक्रमण	1
संक्रामक	1
संख्या रेखा	1
संगठन	1
संगत	1
संघर्ष	1
संचय	1
संचलन	1
संट	1
संत कबीर नगर	1
संधि	1
संध्या काल	1
संन्यास	1
संपत्ति	1
संपदा	1
संप्रभु	1
संबंधित	1
संबोधन	1
संभवत	1
संभवतः	1
संभांलता	1
संभांलो	1
संभालिए	1
संभालो	1
संयुक्त अरब अमीरात	1
संयुक्त प्रांत	1
संयुक्त राजशाही	1
संयुक्त राज्य अमरीका	1
संयुक्त सचिव	1
संरक्षित	1
संरचनात्मक	1
संलयन	1
संवर्धित	1
संवेद्य	1
संशय	1
संशोधित	1
संसदीय	1
संस्करण	1
संस्कार	1
संस्कृति	1
संस्थागत	1
संस्थानीकरण	1
संस्थानीकृत	1
सईद	1
सउदी अरब	1
सऊदी अरब	1
सकत	1
सकतें	1
सकल	1
सकीं	1
सकूँगा	1
सकेंगे	1
सकेला	1
सकेली	1
सक्शन	1
सक्षम	1
सगे	1
सचमे	1
सचिव	1
सचेत	1
सजायाफ्ता	1
सजीले	1
सजीव	1
सजे	1
सज्जनो	1
सटीक	1
सट्टा	1
सड़ने	1
सड़ा	1
सड़े	1
सत	1
सतर्क	1
सताता	1
सती	1
सतोमी	1
सत्यजीत	1
सत्यमेव	1
सत्र	1
सदमा	1
सदमे	1
सदर	1
सदा	1
सद्दाम	1
सनातन	1
सनातन धर्म	1
सपनों	1
सपोर्ट	1
सप्तमी	1
सप्तर्षि तारामंडल	1
सबक	1
सबमिट	1
सबावाला	1
सब्ज़ियों	1
सब्जी	1
सब्सिडी	1
सभापति	1
सम	1
समकोण	1
समक्ष	1
समझनी	1
समझाउँगा	1
समझाता	1
समझाना	1
समझौता	1
समदान	1
सममिति	1
समष्टि अर्थशास्त्र	1
समस्त	1
समाचार पत्र	1
समाजोपथ	1
समापन	1
समीक्षा	1
समीप	1
समुच्चय	1
समुद्र तल	1
समुद्री	1
समुराई	1
समृद्धि	1
सम्पत्ति	1
सम्प्रदाय	1
सम्भाल	1
सयाना	1
सयाने	1
सरकारी	1
सरदार	1
सरप्राइज़	1
सरलता	1
सरलीकृत	1
सरसों	1
सरस्वती महागुच्छ	1
सरोजिनी नगर	1
सर्कुलर रोड	1
सर्बियाई	1
सर्र	1
सर्व	1
सर्वर	1
सर्वव्यापी	1
सर्वशक्तिमान	1
सर्वोदय नगर	1
सलवार	1
सल्फर	1
सल्लू साँप	1
सवालों	1
सह	1
सहज	1
सहने	1
सहयोग	1
सहयोगी	1
सहसा	1
सहस्रबुद्धे	1
सहस्रवाँ	1
सहित	1
सहीफ़ा	1
सहेजा	1
साँच	1
सांकेतिक	1
सांड	1
साइंस	1
साइकिलों	1
साइज़	1
साइमन मारवान	1
साइज़	1
साईकल	1
साउंड	1
साओ पाउलो	1
साकामाकी	1
साकार	1
साजिश	1
साझेदार	1
साठ	1
साठे	1
साद	1
सादा	1
साधन	1
साधु	1
सान साल्वाडोर	1
सानी	1
सामर्थ्यवान	1
सामा	1
सामी जंगल	1
सामी ताली	1
सामूहिक	1
साम्य	1
सारंगी	1
सारणी	1
सारिणी	1
सार्वजनिक	1
सार्वभौमिक	1
सालसा	1
सावन	1
साहबों	1
साहसिक	1
साहिब	1
साहिल	1
सिंगल	1
सिंगिंग	1
सिंगु लेन	1
सिंट मार्टेन	1
सिंड्रेला	1
सिंधु सागर	1
सिंह तारामंडल	1
सिंहासन	1
सिख धर्म	1
सिखाने	1
सिग्नल	1
सिटकनी	1
सिट्टीपिट्टी	1
सितम्बर	1
सितार	1
सिन्धु सागर	1
सिमसिम	1
सियार	1
सियासी	1
सिरियस	1
सिरे	1
सिर्फ़	1
सिलखड़ी	1
सिलाई	1
सिलिकॉन कार्बाइड	1
सिल्क रोड	1
सिस्टम	1
सीआई	1
सीखते	1
सीटी	1
सीड़ियों	1
सीडी	1
सीढ़ियाँ	1
सीढ़ियां	1
सीना	1
सीमा शुल्क	1
सीमाएं	1
सीरियल नंबर	1
सुकोव	1
सुखा	1
सुझाव	1
सुत	1
सुतल	1
सुदूर पूर्व	1
सुध	1
सुधरने	1
सुधरा	1
सुधरेगा	1
सुधा वेंकट	1
सुधारिए	1
सुनसान	1
सुनहरे	1
सुनाइए	1
सुनार	1
सुने	1
सुपर हीरो	1
सुपरहीरो	1
सुभेना रबी अल्लादीन	1
सुमड़ी	1
सुर बहार	1
सुरक्शित	1
सुरसुरी	1
सुरात थानी	1
सुर्खियाँ	1
सुलाना	1
सुलाया	1
सुविधा	1
सुश्री	1
सुसंध्या	1
सुस्त	1
सुहाना	1
सूँघ	1
सूंघने	1
सूंघो	1
सूक	1
सूखना	1
सूखा	1
सूखाना	1
सूचना	1
सूचित	1
सूझ	1
सूझता	1
सूत्र	1
सूफ़िया	1
सूरत	1
सूर्य ग्रहण	1
सूर्यमुरथी	1
सूसू	1
सृजन	1
सेंकना	1
सेंट किट्स	1
सेंट लूसिया	1
सेंट विंसेंट	1
सेंडविच	1
सेक्सी	1
सेनाएं	1
सेप्टिक	1
सेम	1
सेलीन	1
सेलीन चाँद	1
सेलोडियागो गुटिरेज	1
सेल्फी	1
सेवानिवृत्त	1
सेविल्ला	1
सेहमत	1
सैकविले	1
सैन फ़्रांसिस्को	1
सैना	1
सैनिकों	1
सैन्य	1
सैम	1
सैली	1
सॉक्स	1
सॉयसॉस	1
सोचत	1
सोचती	1
सोचे	1
सोचें	1
सोचेंगे	1
सोयाबीन	1
सोलहवा	1
सोलोमन द्वीपसमूह	1
सोशल नेटवर्क	1
सौंफ	1
सौप	1
सौर पवन	1
सौहा	1
स्कलक्रशर	1
स्कीट	1
स्कीर	1
स्कीर दही	1
स्कूटर	1
स्कैडल	1
स्क्रू	1
स्टारलाइट	1
स्टार्ट	1
स्टिक्	1
स्टेट इलेक्शन	1
स्टेट लाइब्रेरी	1
स्टेथोस्कोप	1
स्टेनर	1
स्टॉइक द वास्ट	1
स्टॉक	1
स्ट्रिक्ट	1
स्ट्रेचर	1
स्ट्रॉबेरीज़	1
स्ट्रोक	1
स्तंभन	1
स्तरित	1
स्थलीय	1
स्थायी	1
स्थित	1
स्थितिज	1
स्थिर	1
स्थूल	1
स्नेहशील	1
स्पंज	1
स्पाइस गर्ल्स	1
स्पिन	1
स्पीच	1
स्पीड पोस्ट	1
स्पेशल	1
स्पैनिश	1
स्पॉट	1
स्पॉटलाइट	1
स्पॉन	1
स्माइल	1
स्मारिका	1
स्मार्ट	1
स्मृति	1
स्रोतस्विनी	1
स्लाइड	1
स्व	1
स्वच्छता	1
स्वप्न	1
स्वभाविक	1
स्वरूप	1
स्वस्तिक	1
स्वाइन्स	1
स्वागतम्	1
स्वाति तारा	1
स्विच	1
स्विमिंग पूल	1
स्वीकारो	1
स्वीकारोक्ति	1
स्वीट	1
स्वीटू	1
स्वीडन	1
सज़ा	1
हँसाई	1
हँसूँगा	1
हँसेंगे	1
हं	1
हंसमुख	1
हंसो	1
हअ	1
हकला	1
हक़दार	1
हज	1
हटना	1
हटाना	1
हटिए	1
हट्टा	1
हड़ताल	1
हड़ताली	1
हड़बड़िया	1
हतोरी	1
हत्याएँ	1
हत्यार	1
हत्यारा टॉम	1
हथेली	1
हथौड़ा	1
हप	1
हब	1
हब्बा	1
हब्बाड	1
हमज़ा अली मज़ारी	1
हमदम	1
हमज़े	1
हरकत	1
हरचीज	1
हरफ़ी	1
हरमन	1
हरमनी	1
हरामज़ादी	1
हरामजादों	1
हरामज़ादा	1
हराया	1
हरि	1
हरित क्रांति	1
हर्गिज	1
हर्रसा	1
हलचल	1
हलाल	1
हलाली	1
हवन	1
हवाई अड्डा	1
हवाई जहाज	1
हवेली	1
हशी	1
हश्र	1
हस्पताल	1
हऽ	1
हांग कांग	1
हांगकांग वोग	1
हाई	1
हाई फ़ोंग	1
हाउ	1
हाउस	1
हागिया सोफ़िया	1
हाज़िर	1
हाथगाड़ी	1
हानि	1
हाफ़	1
हार्ट	1
हावी	1
हाशिमोतो-जी	1
हासिल	1
हासे	1
हाहाकार	1
हाफ़िज़	1
हिंडोला	1
हिंद महासागर	1
हिंदू कुश	1
हिचकिचाना	1
हिटलर्र	1
हिन्दू	1
हिप्पी	1
हिम आँधी	1
हिम कमल	1
हिम तेंदुआ	1
हिमपात	1
हिरन	1
हिरयामा	1
हिलने	1
हिलाना	1
हिलेला	1
हिस्से	1
हीन	1
हीरे	1
हुकफ़ैंग	1
हुकुम	1
हुड	1
हुबबा	1
हुसैन	1
हूटर	1
हूडिनी	1
हृदय	1
हॅंं	1
हेडगेप	1
हेनरिक	1
हेर	1
हेरफेर	1
हेरा	1
हेलीकॉप्टर	1
हेल्गा	1
हेल्प	1
हेल्मेट	1
हेवर्द	1
हैंक विलियम्स	1
हैंडमेड	1
हैंडल	1
हैंडसम	1
हैकिंग	1
हैड	1
हैदराबाद	1
हैम्पटन	1
हैरत	1
हॉक	1
हॉल	1
होऊँगा	1
होए	1
होक्किन	1
होखब	1
होगया	1
होत	1
होमो सैपियन्स	1
होर्ड	1
होली	1
हौदा	1
हज़ारों	1
़	1
ा	1
ारना 	1
िधर 	1
ी	1
े 	1
ै	1
ै।	1
्यों 	1
ख़त्म	1
ज़मीन	1
ज़रवारी	1
ज़्यादातर	1
ड़र	1
फ़र्ज़	1
फ़िकर	1
फ़िक्र	1
फ़िनिश्ड	1
१	1
३६	1
‌	1
‘	1
’	1
”	1
