# strings this corpus segments more than one way, worst first.
# minority = token instances that would change if the majority form were made canonical.
# forms lists every observed segmentation as form:count, majority first.
surface	total	minority	majority	forms	splits
ว่าไง	283	111	ว่า|ไง	ว่า|ไง:172 ว่าไง:111	test=1,train=280,val=2
หมายถึง	129	52	หมายถึง	หมายถึง:77 หมาย|ถึง:52	test=2,train=126,val=1
หรือไง	127	42	หรือไง	หรือไง:85 หรือ|ไง:42	train=125,val=2
แค่ไหน	109	40	แค่ไหน	แค่ไหน:69 แค่|ไหน:40	test=5,train=104
ดูเหมือน	102	38	ดูเหมือน	ดูเหมือน:64 ดู|เหมือน:38	train=102
มาก่อน	96	36	มา|ก่อน	มา|ก่อน:60 มาก่อน:36	test=3,train=92,val=1
ที่อยู่	75	36	ที่|อยู่	ที่|อยู่:39 ที่อยู่:36	train=74,val=1
ดีกว่า	290	31	ดีกว่า	ดีกว่า:259 ดี|กว่า:31	test=6,train=279,val=5
เอาไว้	128	30	เอาไว้	เอาไว้:98 เอา|ไว้:30	test=4,train=122,val=2
ดีแล้ว	87	29	ดี|แล้ว	ดี|แล้ว:58 ดีแล้ว:29	test=1,train=84,val=2
ไม่ว่า	84	29	ไม่ว่า	ไม่ว่า:55 ไม่|ว่า:29	train=82,val=2
เป็นห่วง	59	29	เป็นห่วง	เป็นห่วง:30 เป็น|ห่วง:29	test=1,train=58
พวกนาย	83	28	พวกนาย	พวกนาย:55 พวก|นาย:28	test=2,train=81
ยังคง	59	28	ยัง|คง	ยัง|คง:31 ยังคง:28	test=1,train=58
แค่นี้	131	27	แค่นี้	แค่นี้:104 แค่|นี้:27	test=1,train=128,val=2
ทำไง	76	27	ทำ|ไง	ทำ|ไง:49 ทำไง:27	test=2,train=73,val=1
ดีมาก	216	25	ดี|มาก	ดี|มาก:191 ดีมาก:25	test=2,train=212,val=2
ดีขึ้น	82	24	ดี|ขึ้น	ดี|ขึ้น:58 ดีขึ้น:24	test=1,train=81
มีทาง	113	23	มี|ทาง	มี|ทาง:90 มีทาง:23	train=113
สิวะ	72	22	สิ|วะ	สิ|วะ:50 สิวะ:22	train=72
เอาน่า	74	21	เอา|น่า	เอา|น่า:53 เอาน่า:21	test=1,train=73
ไร้สาระ	60	21	ไร้|สาระ	ไร้|สาระ:39 ไร้สาระ:21	test=1,train=57,val=2
เข้ามา	284	20	เข้า|มา	เข้า|มา:264 เข้ามา:20	test=2,train=279,val=3
ทางนี้	200	20	ทาง|นี้	ทาง|นี้:180 ทางนี้:20	test=3,train=196,val=1
แค่นั้น	75	20	แค่นั้น	แค่นั้น:55 แค่|นั้น:20	test=1,train=74
ยอมแพ้	61	19	ยอม|แพ้	ยอม|แพ้:42 ยอมแพ้:19	train=61
เดี๋ยวนะ	44	19	เดี๋ยว|นะ	เดี๋ยว|นะ:25 เดี๋ยวนะ:19	test=1,train=43
วันนั้น	43	19	วันนั้น	วันนั้น:24 วัน|นั้น:19	train=43
ฟังดู	40	19	ฟัง|ดู	ฟัง|ดู:21 ฟังดู:19	train=38,val=2
รึไง	90	18	รึไง	รึไง:72 รึ|ไง:18	train=89,val=1
สินะ	115	17	สิ|นะ	สิ|นะ:98 สินะ:17	test=1,train=113,val=1
ตามหา	105	17	ตามหา	ตามหา:88 ตาม|หา:17	test=1,train=102,val=2
ซะที	59	17	ซะที	ซะที:42 ซะ|ที:17	train=59
นั่นไง	59	17	นั่นไง	นั่นไง:42 นั่น|ไง:17	test=1,train=58
นะคะ	287	16	นะ|คะ	นะ|คะ:271 นะคะ:16	test=2,train=281,val=4
เหมือนกัน	270	16	เหมือนกัน	เหมือนกัน:254 เหมือน|กัน:16	test=1,train=262,val=7
พวกเธอ	91	16	พวกเธอ	พวกเธอ:75 พวก|เธอ:16	train=90,val=1
ใช้ได้	66	16	ใช้|ได้	ใช้|ได้:50 ใช้ได้:16	test=1,train=63,val=2
นั่นสิ	53	16	นั่น|สิ	นั่น|สิ:37 นั่นสิ:16	train=53
เด็กดี	33	16	เด็ก|ดี	เด็ก|ดี:17 เด็กดี:16	train=32,val=1
สีแดง	39	15	สีแดง	สีแดง:24 สี|แดง:15	train=39
อีกครั้ง	112	14	อีกครั้ง	อีกครั้ง:98 อีก|ครั้ง:14	test=3,train=106,val=3
คนตาย	36	13	คน|ตาย	คน|ตาย:23 คนตาย:13	train=36
คนไหน	34	13	คน|ไหน	คน|ไหน:21 คนไหน:13	train=34
ตรงๆ	27	13	ตรง|ๆ	ตรง|ๆ:14 ตรงๆ:13	train=27
เห็นด้วย	68	12	เห็นด้วย	เห็นด้วย:56 เห็น|ด้วย:12	test=1,train=67
เหมือนกับ	56	12	เหมือน|กับ	เหมือน|กับ:44 เหมือนกับ:12	train=56
จริงๆ	772	11	จริงๆ	จริงๆ:761 จริง|ๆ:11	test=5,train=760,val=7
เป็นไง	248	11	เป็นไง	เป็นไง:237 เป็น|ไง:11	test=6,train=242
อยู่แล้ว	159	11	อยู่|แล้ว	อยู่|แล้ว:148 อยู่แล้ว:11	test=3,train=155,val=1
จริงด้วย	42	11	จริง|ด้วย	จริง|ด้วย:31 จริงด้วย:11	train=38,val=4
น่าสงสาร	34	11	น่าสงสาร	น่าสงสาร:23 น่า|สงสาร:11	train=34
สักครั้ง	30	11	สัก|ครั้ง	สัก|ครั้ง:19 สักครั้ง:11	train=30
คิดถึง	158	10	คิดถึง	คิดถึง:148 คิด|ถึง:10	test=3,train=155
เอาเลย	79	10	เอาเลย	เอาเลย:69 เอา|เลย:10	test=1,train=76,val=2
ตอนนั้น	76	10	ตอนนั้น	ตอนนั้น:66 ตอน|นั้น:10	train=76
นี่แหละ	66	10	นี่แหละ	นี่แหละ:56 นี่|แหละ:10	test=1,train=64,val=1
รอก่อน	40	10	รอ|ก่อน	รอ|ก่อน:30 รอก่อน:10	train=39,val=1
หมอนั่น	32	10	หมอนั่น	หมอนั่น:22 หมอ|นั่น:10	train=32
ตอนเช้า	28	10	ตอนเช้า	ตอนเช้า:18 ตอน|เช้า:10	train=28
ตอนไหน	27	10	ตอนไหน	ตอนไหน:17 ตอน|ไหน:10	test=2,train=25
มองเห็น	27	10	มองเห็น	มองเห็น:17 มอง|เห็น:10	test=2,train=25
ทั้งคืน	25	10	ทั้งคืน	ทั้งคืน:15 ทั้ง|คืน:10	test=1,train=24
ขณะที่	24	10	ขณะที่	ขณะที่:14 ขณะ|ที่:10	train=24
ย้อนกลับ	22	10	ย้อนกลับ	ย้อนกลับ:12 ย้อน|กลับ:10	train=22
กลับมา	545	9	กลับ|มา	กลับ|มา:536 กลับมา:9	test=9,train=530,val=6
พวกเรา	357	9	พวกเรา	พวกเรา:348 พวก|เรา:9	test=2,train=352,val=3
ที่รัก	185	9	ที่รัก	ที่รัก:176 ที่|รัก:9	test=1,train=182,val=2
คนอื่น	132	9	คน|อื่น	คน|อื่น:123 คนอื่น:9	test=1,train=129,val=2
นี่ไง	68	9	นี่|ไง	นี่|ไง:59 นี่ไง:9	train=68
คนดี	55	9	คน|ดี	คน|ดี:46 คนดี:9	train=55
ครับผม	40	9	ครับผม	ครับผม:31 ครับ|ผม:9	test=1,train=39
เรื่องจริง	38	9	เรื่องจริง	เรื่องจริง:29 เรื่อง|จริง:9	train=38
เข้าใจผิด	28	9	เข้าใจผิด	เข้าใจผิด:19 เข้าใจ|ผิด:9	test=1,train=27
ตัวเล็ก	23	9	ตัวเล็ก	ตัวเล็ก:14 ตัว|เล็ก:9	train=23
ตัวดี	22	9	ตัว|ดี	ตัว|ดี:13 ตัวดี:9	train=22
การแข่งขัน	21	9	การแข่งขัน	การแข่งขัน:12 การ|แข่งขัน:9	test=1,train=20
สีขาว	21	9	สี|ขาว	สี|ขาว:12 สีขาว:9	train=21
ปีนี้	19	9	ปีนี้	ปีนี้:10 ปี|นี้:9	train=18,val=1
ไหนๆ	19	9	ไหนๆ	ไหนๆ:10 ไหน|ๆ:9	train=18,val=1
ได้ยิน	326	8	ได้ยิน	ได้ยิน:318 ได้|ยิน:8	test=1,train=322,val=3
คนเดียว	212	8	คนเดียว	คนเดียว:204 คน|เดียว:8	test=1,train=209,val=2
อาจจะ	206	8	อาจจะ	อาจจะ:198 อาจ|จะ:8	test=2,train=201,val=3
ไม่เป็น	71	8	ไม่|เป็น	ไม่|เป็น:63 ไม่เป็น:8	test=1,train=68,val=2
พวกแก	66	8	พวก|แก	พวก|แก:58 พวกแก:8	test=1,train=65
เป็นไร	43	8	เป็น|ไร	เป็น|ไร:35 เป็นไร:8	test=1,train=42
ตัวตาย	33	8	ตัวตาย	ตัวตาย:25 ตัว|ตาย:8	test=2,train=31
สีเขียว	28	8	สี|เขียว	สี|เขียว:20 สีเขียว:8	test=2,train=25,val=1
เท่าที่	26	8	เท่า|ที่	เท่า|ที่:18 เท่าที่:8	train=26
มีค่า	25	8	มี|ค่า	มี|ค่า:17 มีค่า:8	train=24,val=1
ถือว่า	24	8	ถือว่า	ถือว่า:16 ถือ|ว่า:8	train=24
สีฟ้า	24	8	สีฟ้า	สีฟ้า:16 สี|ฟ้า:8	train=24
เต็มไปหมด	23	8	เต็มไปหมด	เต็มไปหมด:15 เต็ม|ไป|หมด:8	train=23
ข้าวเย็น	22	8	ข้าวเย็น	ข้าวเย็น:14 ข้าว|เย็น:8	train=22
หลงทาง	22	8	หลง|ทาง	หลง|ทาง:14 หลงทาง:8	train=20,val=2
เป็นจริง	22	8	เป็นจริง	เป็นจริง:14 เป็น|จริง:8	train=22
วันก่อน	18	8	วัน|ก่อน	วัน|ก่อน:10 วันก่อน:8	train=18
ตามนั้น	16	8	ตาม|นั้น	ตาม|นั้น:8 ตามนั้น:8	train=16
พวกคุณ	111	7	พวกคุณ	พวกคุณ:104 พวก|คุณ:7	test=2,train=109
บางคน	70	7	บางคน	บางคน:63 บาง|คน:7	train=69,val=1
ช่วยด้วย	33	7	ช่วยด้วย	ช่วยด้วย:26 ช่วย|ด้วย:7	test=1,train=31,val=1
มากิน	31	7	มา|กิน	มา|กิน:24 มากิน:7	train=30,val=1
อย่างกับ	29	7	อย่างกับ	อย่างกับ:22 อย่าง|กับ:7	train=27,val=2
อีกหน่อย	28	7	อีกหน่อย	อีกหน่อย:21 อีก|หน่อย:7	train=28
แผนที่	22	7	แผนที่	แผนที่:15 แผน|ที่:7	train=21,val=1
ตั้งรับ	18	7	ตั้งรับ	ตั้งรับ:11 ตั้ง|รับ:7	train=18
ต่างๆ	17	7	ต่างๆ	ต่างๆ:10 ต่าง|ๆ:7	train=17
ไอ้ดำ	17	7	ไอ้ดำ	ไอ้ดำ:10 ไอ้|ดำ:7	train=17
ที่ผ่านมา	16	7	ที่|ผ่านมา	ที่|ผ่านมา:9 ที่ผ่านมา:7	train=16
ให้อภัย	16	7	ให้อภัย	ให้อภัย:9 ให้|อภัย:7	train=16
ไร้ประโยชน์	16	7	ไร้ประโยชน์	ไร้ประโยชน์:9 ไร้|ประโยชน์:7	train=16
ชื่อจริง	15	7	ชื่อจริง	ชื่อจริง:8 ชื่อ|จริง:7	test=1,train=14
อันไหน	15	7	อัน|ไหน	อัน|ไหน:8 อันไหน:7	train=15
น่าเชื่อ	14	7	น่าเชื่อ	น่าเชื่อ:7 น่า|เชื่อ:7	train=14
เอาแต่	14	7	เอาแต่	เอาแต่:7 เอา|แต่:7	train=14
ใช่ไหม	534	6	ใช่|ไหม	ใช่|ไหม:528 ใช่ไหม:6	test=5,train=520,val=9
แล้วก็	223	6	แล้ว|ก็	แล้ว|ก็:217 แล้วก็:6	test=1,train=218,val=4
ดูดี	85	6	ดู|ดี	ดู|ดี:79 ดูดี:6	train=84,val=1
รู้เรื่อง	81	6	รู้เรื่อง	รู้เรื่อง:75 รู้|เรื่อง:6	train=79,val=2
แล้วกัน	70	6	แล้วกัน	แล้วกัน:64 แล้ว|กัน:6	train=68,val=2
พวกเจ้า	54	6	พวกเจ้า	พวกเจ้า:48 พวก|เจ้า:6	test=3,train=50,val=1
ไอ้บ้า	50	6	ไอ้|บ้า	ไอ้|บ้า:44 ไอ้บ้า:6	train=49,val=1
ครั้งแรก	49	6	ครั้ง|แรก	ครั้ง|แรก:43 ครั้งแรก:6	train=49
ทั้งสอง	47	6	ทั้งสอง	ทั้งสอง:41 ทั้ง|สอง:6	train=47
หรือว่า	47	6	หรือว่า	หรือว่า:41 หรือ|ว่า:6	train=47
เร็วกว่า	27	6	เร็ว|กว่า	เร็ว|กว่า:21 เร็วกว่า:6	train=27
อยู่ดี	24	6	อยู่ดี	อยู่ดี:18 อยู่|ดี:6	train=24
คนดู	23	6	คนดู	คนดู:17 คน|ดู:6	train=23
พวกเค้า	21	6	พวก|เค้า	พวก|เค้า:15 พวกเค้า:6	train=20,val=1
อาทิตย์หน้า	20	6	อาทิตย์|หน้า	อาทิตย์|หน้า:14 อาทิตย์หน้า:6	train=20
ได้เรื่อง	20	6	ได้เรื่อง	ได้เรื่อง:14 ได้|เรื่อง:6	test=1,train=19
ผ่านมา	19	6	ผ่านมา	ผ่านมา:13 ผ่าน|มา:6	test=1,train=18
ร่วมกัน	19	6	ร่วมกัน	ร่วมกัน:13 ร่วม|กัน:6	train=19
ตอนบ่าย	18	6	ตอน|บ่าย	ตอน|บ่าย:12 ตอนบ่าย:6	train=18
คุณนายฉั่น	17	6	คุณนาย|ฉั่น	คุณนาย|ฉั่น:11 คุณนายฉั่น:6	train=17
พูดจา	17	6	พูด|จา	พูด|จา:11 พูดจา:6	train=16,val=1
ตอบตกลง	13	6	ตอบ|ตกลง	ตอบ|ตกลง:7 ตอบตกลง:6	train=13
แค่นั้นแหละ	13	6	แค่|นั้น|แหละ	แค่|นั้น|แหละ:7 แค่นั้น|แหละ:5 แค่นั้นแหละ:1	test=1,train=12
ไม่มี	1513	5	ไม่|มี	ไม่|มี:1508 ไม่มี:5	test=20,train=1481,val=12
พวกเขา	793	5	พวกเขา	พวกเขา:788 พวก|เขา:5	test=8,train=781,val=4
ไม่เป็นไร	325	5	ไม่เป็นไร	ไม่เป็นไร:320 ไม่|เป็นไร:5	test=4,train=318,val=3
ตกลง	191	5	ตกลง	ตกลง:186 ตก|ลง:5	test=2,train=188,val=1
เอาล่ะ	145	5	เอาล่ะ	เอาล่ะ:140 เอา|ล่ะ:5	test=1,train=142,val=2
เป็นไป	120	5	เป็น|ไป	เป็น|ไป:115 เป็นไป:5	test=2,train=117,val=1
เกิดขึ้น	100	5	เกิดขึ้น	เกิดขึ้น:95 เกิด|ขึ้น:5	train=100
ไอ้มาก	64	5	ไอ้|มาก	ไอ้|มาก:59 ไอ้มาก:5	train=63,val=1
ทางนั้น	47	5	ทาง|นั้น	ทาง|นั้น:42 ทางนั้น:5	train=46,val=1
อื่นๆ	38	5	อื่น|ๆ	อื่น|ๆ:33 อื่นๆ:5	test=1,train=36,val=1
นี่เอง	32	5	นี่|เอง	นี่|เอง:27 นี่เอง:5	train=30,val=2
ยกโทษ	28	5	ยก|โทษ	ยก|โทษ:23 ยกโทษ:5	train=28
ผู้นำ	23	5	ผู้นำ	ผู้นำ:18 ผู้|นำ:5	train=23
แป๊บนึง	22	5	แป๊บ|นึง	แป๊บ|นึง:17 แป๊บนึง:5	train=22
ยอดมาก	19	5	ยอดมาก	ยอดมาก:14 ยอด|มาก:5	train=19
หายตัว	19	5	หาย|ตัว	หาย|ตัว:14 หายตัว:5	train=18,val=1
อีกรอบ	19	5	อีกรอบ	อีกรอบ:14 อีก|รอบ:5	train=19
เอาอีก	17	5	เอา|อีก	เอา|อีก:12 เอาอีก:5	test=1,train=15,val=1
แน่นะ	16	5	แน่|นะ	แน่|นะ:11 แน่นะ:4 แน่น|ะ:1	train=16
ตรวจดู	15	5	ตรวจดู	ตรวจดู:10 ตรวจ|ดู:5	train=15
หาเรื่อง	14	5	หา|เรื่อง	หา|เรื่อง:9 หาเรื่อง:5	train=13,val=1
การฝึก	13	5	การฝึก	การฝึก:8 การ|ฝึก:5	train=13
คนบ้า	12	5	คน|บ้า	คน|บ้า:7 คนบ้า:5	train=12
หยุดยิง	12	5	หยุด|ยิง	หยุด|ยิง:7 หยุดยิง:5	test=1,train=11
ชั้นบน	11	5	ชั้นบน	ชั้นบน:6 ชั้น|บน:5	train=11
ปวดหัว	11	5	ปวดหัว	ปวดหัว:6 ปวด|หัว:5	train=11
เกือบจะ	11	5	เกือบจะ	เกือบจะ:6 เกือบ|จะ:5	train=11
เมืองนอก	11	5	เมือง|นอก	เมือง|นอก:6 เมืองนอก:5	train=11
คนแปลกหน้า	10	5	คนแปลกหน้า	คนแปลกหน้า:5 คน|แปลกหน้า:5	train=10
ตรงเวลา	10	5	ตรงเวลา	ตรงเวลา:5 ตรง|เวลา:5	train=10
อยู่ไหน	379	4	อยู่|ไหน	อยู่|ไหน:375 อยู่ไหน:4	test=2,train=374,val=3
เร็วเข้า	290	4	เร็ว|เข้า	เร็ว|เข้า:286 เร็วเข้า:4	test=1,train=286,val=3
พวกนี้	155	4	พวก|นี้	พวก|นี้:151 พวกนี้:4	test=2,train=153
หรือไม่	134	4	หรือ|ไม่	หรือ|ไม่:130 หรือไม่:4	test=1,train=132,val=1
นั่นแหละ	119	4	นั่นแหละ	นั่นแหละ:115 นั่น|แหละ:4	test=2,train=117
พูดถึง	103	4	พูด|ถึง	พูด|ถึง:99 พูดถึง:4	test=1,train=102
แน่ๆ	101	4	แน่ๆ	แน่ๆ:97 แน่|ๆ:4	train=101
ขึ้นไป	99	4	ขึ้น|ไป	ขึ้น|ไป:95 ขึ้นไป:4	test=2,train=95,val=2
ออกจาก	91	4	ออก|จาก	ออก|จาก:87 ออกจาก:4	test=1,train=88,val=2
ขนาดนั้น	71	4	ขนาด|นั้น	ขนาด|นั้น:67 ขนาดนั้น:4	train=70,val=1
อีกที	60	4	อีกที	อีกที:56 อีก|ที:4	train=59,val=1
ในนี้	58	4	ใน|นี้	ใน|นี้:54 ในนี้:4	test=1,train=56,val=1
มาตลอด	57	4	มา|ตลอด	มา|ตลอด:53 มาตลอด:4	test=1,train=55,val=1
หมอนี่	35	4	หมอนี่	หมอนี่:31 หมอ|นี่:4	train=35
ใจดี	32	4	ใจดี	ใจดี:28 ใจ|ดี:4	train=30,val=2
แล้วแต่	30	4	แล้วแต่	แล้วแต่:26 แล้ว|แต่:4	test=2,train=28
เตรียมตัว	29	4	เตรียม|ตัว	เตรียม|ตัว:25 เตรียมตัว:4	train=29
คนขับ	28	4	คน|ขับ	คน|ขับ:24 คนขับ:4	train=28
จนถึง	27	4	จน|ถึง	จน|ถึง:23 จนถึง:4	train=27
นั้นแหละ	27	4	นั้น|แหละ	นั้น|แหละ:23 นั้นแหละ:4	test=1,train=26
เสียสติ	27	4	เสีย|สติ	เสีย|สติ:23 เสียสติ:4	test=1,train=26
บอกลา	26	4	บอก|ลา	บอก|ลา:22 บอกลา:4	train=26
คนสวย	22	4	คน|สวย	คน|สวย:18 คนสวย:4	train=22
วันหนึ่ง	22	4	วันหนึ่ง	วันหนึ่ง:18 วัน|หนึ่ง:4	train=22
หลังจากนั้น	22	4	หลังจากนั้น	หลังจากนั้น:18 หลังจาก|นั้น:4	test=1,train=21
ที่ทำงาน	20	4	ที่|ทำ|งาน	ที่|ทำ|งาน:16 ที่ทำงาน:4	train=20
โทรเลข	19	4	โทรเลข	โทรเลข:15 โทร|เลข:4	train=19
มักจะ	18	4	มัก|จะ	มัก|จะ:14 มักจะ:4	train=18
สักวัน	18	4	สักวัน	สักวัน:14 สัก|วัน:4	train=18
อารมณ์เสีย	17	4	อารมณ์เสีย	อารมณ์เสีย:13 อารมณ์|เสีย:4	train=17
ตัวน้อย	16	4	ตัวน้อย	ตัวน้อย:12 ตัว|น้อย:4	train=15,val=1
ฝันดี	15	4	ฝันดี	ฝันดี:11 ฝัน|ดี:4	train=15
ลาออก	15	4	ลาออก	ลาออก:11 ลา|ออก:4	train=15
เอาเถอะ	15	4	เอาเถอะ	เอาเถอะ:11 เอา|เถอะ:4	test=1,train=14
คนขาย	14	4	คน|ขาย	คน|ขาย:10 คนขาย:4	train=14
ปีก่อน	14	4	ปี|ก่อน	ปี|ก่อน:10 ปีก่อน:4	train=14
สีเหลือง	14	4	สีเหลือง	สีเหลือง:10 สี|เหลือง:4	train=14
ไอ้น้อง	14	4	ไอ้|น้อง	ไอ้|น้อง:10 ไอ้น้อง:4	train=14
ด้วยดี	13	4	ด้วย|ดี	ด้วย|ดี:9 ด้วยดี:4	train=13
ที่นอน	13	4	ที่นอน	ที่นอน:9 ที่|นอน:4	train=13
นักมวยปล้ำ	13	4	นักมวยปล้ำ	นักมวยปล้ำ:9 นัก|มวยปล้ำ:4	test=1,train=12
ยัยหนู	13	4	ยัย|หนู	ยัย|หนู:9 ยัยหนู:4	train=13
เข้าไว้	13	4	เข้า|ไว้	เข้า|ไว้:9 เข้าไว้:4	train=13
เฝ้าดู	13	4	เฝ้าดู	เฝ้าดู:9 เฝ้า|ดู:4	train=13
ก้มลง	12	4	ก้ม|ลง	ก้ม|ลง:8 ก้มลง:4	train=11,val=1
ตรงโน้น	12	4	ตรง|โน้น	ตรง|โน้น:8 ตรงโน้น:4	train=11,val=1
นั่นเอง	12	4	นั่น|เอง	นั่น|เอง:8 นั่นเอง:4	train=12
สมัยนี้	12	4	สมัย|นี้	สมัย|นี้:8 สมัยนี้:4	test=1,train=11
ไม่ช้า	12	4	ไม่|ช้า	ไม่|ช้า:8 ไม่ช้า:4	train=11,val=1
รถชน	11	4	รถ|ชน	รถ|ชน:7 รถชน:4	test=1,train=9,val=1
ลูกเดียว	11	4	ลูกเดียว	ลูกเดียว:7 ลูก|เดียว:4	train=11
หาว่า	11	4	หาว่า	หาว่า:7 หา|ว่า:4	train=11
เพื่อนรัก	11	4	เพื่อนรัก	เพื่อนรัก:7 เพื่อน|รัก:4	train=11
กวนใจ	10	4	กวนใจ	กวนใจ:6 กวน|ใจ:4	train=10
คืนนั้น	10	4	คืนนั้น	คืนนั้น:6 คืน|นั้น:4	train=10
ตอบว่า	10	4	ตอบว่า	ตอบว่า:6 ตอบ|ว่า:4	train=10
มอบตัว	10	4	มอบ|ตัว	มอบ|ตัว:6 มอบตัว:4	train=10
ยังไงก็ตาม	10	4	ยังไงก็ตาม	ยังไงก็ตาม:6 ยังไง|ก็|ตาม:4	train=10
แทนที่จะ	10	4	แทนที่จะ	แทนที่จะ:6 แทน|ที่|จะ:4	train=10
ใดๆ	10	4	ใด|ๆ	ใด|ๆ:6 ใดๆ:4	train=10
ไฮล์ฮิตเลอร์	10	4	ไฮล์|ฮิตเลอร์	ไฮล์|ฮิตเลอร์:6 ไฮล์ฮิตเลอร์:4	train=10
ก่อนหน้านี้	9	4	ก่อนหน้านี้	ก่อนหน้านี้:5 ก่อนหน้า|นี้:4	train=9
คนเลว	9	4	คน|เลว	คน|เลว:5 คนเลว:4	train=9
ต้องสงสัย	9	4	ต้องสงสัย	ต้องสงสัย:5 ต้อง|สงสัย:4	train=9
นำเข้า	9	4	นำเข้า	นำเข้า:5 นำ|เข้า:4	train=9
พบเห็น	9	4	พบ|เห็น	พบ|เห็น:5 พบเห็น:4	train=9
พากัน	9	4	พากัน	พากัน:5 พา|กัน:4	train=9
รวมตัว	9	4	รวม|ตัว	รวม|ตัว:5 รวมตัว:4	test=1,train=8
รอดชีวิต	9	4	รอดชีวิต	รอดชีวิต:5 รอด|ชีวิต:4	train=9
สีม่วง	9	4	สี|ม่วง	สี|ม่วง:5 สีม่วง:4	train=9
แต่ก่อน	9	4	แต่|ก่อน	แต่|ก่อน:5 แต่ก่อน:4	train=9
แทนที่	9	4	แทน|ที่	แทน|ที่:5 แทนที่:4	train=9
ขอล่ะ	8	4	ขอล่ะ	ขอล่ะ:4 ขอ|ล่ะ:4	train=8
ออกเดินทาง	8	4	ออก|เดินทาง	ออก|เดินทาง:4 ออกเดินทาง:4	train=8
เป็นอัน	8	4	เป็นอัน	เป็นอัน:4 เป็น|อัน:4	train=8
ออกไป	501	3	ออก|ไป	ออก|ไป:498 ออกไป:3	test=4,train=496,val=1
สบายดี	175	3	สบายดี	สบายดี:172 สบาย|ดี:3	test=7,train=167,val=1
มีความสุข	127	3	มี|ความสุข	มี|ความสุข:124 มีความสุข:3	test=1,train=124,val=2
แต่ว่า	66	3	แต่ว่า	แต่ว่า:63 แต่|ว่า:3	train=64,val=2
ที่มา	63	3	ที่|มา	ที่|มา:60 ที่มา:3	train=63
ที่บ้าน	62	3	ที่|บ้าน	ที่|บ้าน:59 ที่บ้าน:3	test=1,train=61
คราวนี้	57	3	คราวนี้	คราวนี้:54 คราว|นี้:3	train=57
วันที่	47	3	วัน|ที่	วัน|ที่:44 วันที่:3	train=47
ดีล่ะ	32	3	ดี|ล่ะ	ดี|ล่ะ:29 ดีล่ะ:3	train=32
แท้ๆ	32	3	แท้ๆ	แท้ๆ:29 แท้|ๆ:3	test=1,train=31
เดินเล่น	28	3	เดิน|เล่น	เดิน|เล่น:25 เดินเล่น:3	test=1,train=27
ถ้างั้น	27	3	ถ้า|งั้น	ถ้า|งั้น:24 ถ้างั้น:3	train=27
ทางไหน	25	3	ทาง|ไหน	ทาง|ไหน:22 ทางไหน:3	test=1,train=24
ก็ตาม	24	3	ก็|ตาม	ก็|ตาม:21 ก็ตาม:3	train=24
บ้าจริง	24	3	บ้าจริง	บ้าจริง:21 บ้า|จริง:3	train=24
ลูกหมา	23	3	ลูก|หมา	ลูก|หมา:20 ลูกหมา:3	test=1,train=21,val=1
ท่านอาจารย์	21	3	ท่าน|อาจารย์	ท่าน|อาจารย์:18 ท่านอาจารย์:3	train=21
ทุกที่	20	3	ทุกที่	ทุกที่:17 ทุก|ที่:3	test=1,train=19
คนรัก	19	3	คนรัก	คนรัก:16 คน|รัก:3	train=18,val=1
ที่ว่า	19	3	ที่|ว่า	ที่|ว่า:16 ที่ว่า:3	train=18,val=1
พ่อหนุ่ม	19	3	พ่อ|หนุ่ม	พ่อ|หนุ่ม:16 พ่อหนุ่ม:3	train=19
เอาจริง	19	3	เอาจริง	เอาจริง:16 เอา|จริง:3	train=19
คนแก่	18	3	คนแก่	คนแก่:15 คน|แก่:3	train=18
มองดู	18	3	มอง|ดู	มอง|ดู:15 มองดู:3	train=17,val=1
จากกัน	17	3	จาก|กัน	จาก|กัน:14 จากกัน:3	train=16,val=1
ใครบางคน	17	3	ใคร|บางคน	ใคร|บางคน:14 ใครบางคน:3	train=17
กับข้าว	16	3	กับข้าว	กับข้าว:13 กับ|ข้าว:3	train=16
ท่านเยียน	16	3	ท่านเยียน	ท่านเยียน:13 ท่าน|เยียน:3	train=16
อย่างเดียว	16	3	อย่างเดียว	อย่างเดียว:13 อย่าง|เดียว:3	train=16
เดินหน้า	16	3	เดินหน้า	เดินหน้า:13 เดิน|หน้า:3	train=16
ต่อให้	15	3	ต่อให้	ต่อให้:12 ต่อ|ให้:3	train=15
เอาแล้ว	15	3	เอา|แล้ว	เอา|แล้ว:12 เอาแล้ว:3	train=15
ตลอดชีวิต	14	3	ตลอด|ชีวิต	ตลอด|ชีวิต:11 ตลอดชีวิต:3	train=14
หัวมัน	14	3	หัว|มัน	หัว|มัน:11 หัวมัน:3	train=14
ขอย้ำ	13	3	ขอย้ำ	ขอย้ำ:10 ขอ|ย้ำ:3	test=1,train=12
ชาวยิว	13	3	ชาว|ยิว	ชาว|ยิว:10 ชาวยิว:3	train=13
เป็นเกียรติ	13	3	เป็น|เกียรติ	เป็น|เกียรติ:10 เป็นเกียรติ:3	train=13
ทั้งที่	12	3	ทั้งที่	ทั้งที่:9 ทั้ง|ที่:3	train=12
ปลอมตัว	12	3	ปลอมตัว	ปลอมตัว:9 ปลอม|ตัว:3	train=12
มิได้	12	3	มิได้	มิได้:9 มิ|ได้:3	train=11,val=1
เจ้าหมู	12	3	เจ้า|หมู	เจ้า|หมู:9 เจ้าหมู:3	train=12
แกล่ะ	12	3	แก|ล่ะ	แก|ล่ะ:9 แกล่ะ:3	train=12
ใช่ว่า	12	3	ใช่|ว่า	ใช่|ว่า:9 ใช่ว่า:3	train=12
ตรงหน้า	11	3	ตรงหน้า	ตรงหน้า:8 ตรง|หน้า:3	train=10,val=1
ท่าจะ	11	3	ท่าจะ	ท่าจะ:8 ท่า|จะ:3	train=11
มื้อค่ำ	11	3	มื้อ|ค่ำ	มื้อ|ค่ำ:8 มื้อค่ำ:3	test=1,train=10
อาจารย์หวง	11	3	อาจารย์หวง	อาจารย์หวง:8 อาจารย์|หวง:3	train=11
เพียงแค่	11	3	เพียงแค่	เพียงแค่:8 เพียง|แค่:3	train=11
ไล่ตาม	11	3	ไล่ตาม	ไล่ตาม:8 ไล่|ตาม:3	train=11
คนเจ็บ	10	3	คน|เจ็บ	คน|เจ็บ:7 คนเจ็บ:3	train=10
คนใช้	10	3	คนใช้	คนใช้:7 คน|ใช้:3	train=10
พี่มาก	10	3	พี่|มาก	พี่|มาก:7 พี่มาก:3	train=9,val=1
รอบตัว	10	3	รอบ|ตัว	รอบ|ตัว:7 รอบตัว:3	train=10
สี่สิบ	10	3	สี่สิบ	สี่สิบ:7 สี่|สิบ:3	train=10
อดตาย	10	3	อดตาย	อดตาย:7 อด|ตาย:3	train=10
เข้าที่	10	3	เข้า|ที่	เข้า|ที่:7 เข้าที่:3	train=10
เหรียญทอง	10	3	เหรียญทอง	เหรียญทอง:7 เหรียญ|ทอง:3	train=10
ตายห่า	9	3	ตาย|ห่า	ตาย|ห่า:6 ตายห่า:3	train=9
ติดต่อกัน	9	3	ติดต่อกัน	ติดต่อกัน:6 ติดต่อ|กัน:3	train=9
ประมาณนั้น	9	3	ประมาณ|นั้น	ประมาณ|นั้น:6 ประมาณนั้น:3	train=9
รู้น่า	9	3	รู้|น่า	รู้|น่า:6 รู้น่า:3	train=9
ละอายใจ	9	3	ละอายใจ	ละอายใจ:6 ละอาย|ใจ:3	train=9
สิบล้าน	9	3	สิบ|ล้าน	สิบ|ล้าน:6 สิบล้าน:3	train=9
สิบห้า	9	3	สิบห้า	สิบห้า:6 สิบ|ห้า:3	train=9
สิ่งใด	9	3	สิ่ง|ใด	สิ่ง|ใด:6 สิ่งใด:3	test=1,train=8
หีบเพลง	9	3	หีบเพลง	หีบเพลง:6 หีบ|เพลง:3	train=9
เป็นลม	9	3	เป็นลม	เป็นลม:6 เป็น|ลม:3	train=9
แทบจะ	9	3	แทบ|จะ	แทบ|จะ:6 แทบจะ:3	train=8,val=1
ให้การ	9	3	ให้การ	ให้การ:6 ให้|การ:3	train=9
คนแคระ	8	3	คน|แคระ	คน|แคระ:5 คนแคระ:3	train=8
ทางด้าน	8	3	ทางด้าน	ทางด้าน:5 ทาง|ด้าน:3	train=8
ทางเหนือ	8	3	ทาง|เหนือ	ทาง|เหนือ:5 ทางเหนือ:3	train=8
ยายแก่	8	3	ยายแก่	ยายแก่:5 ยาย|แก่:3	train=8
สติอารมณ์	8	3	สติ|อารมณ์	สติ|อารมณ์:5 สติอารมณ์:3	train=8
อีกเดี๋ยว	8	3	อีก|เดี๋ยว	อีก|เดี๋ยว:5 อีกเดี๋ยว:3	test=1,train=7
เข้ากัน	8	3	เข้า|กัน	เข้า|กัน:5 เข้ากัน:3	train=8
เดือนหน้า	8	3	เดือน|หน้า	เดือน|หน้า:5 เดือนหน้า:3	train=8
เต็มๆ	8	3	เต็ม|ๆ	เต็ม|ๆ:5 เต็มๆ:3	train=7,val=1
เท้าเปล่า	8	3	เท้า|เปล่า	เท้า|เปล่า:5 เท้าเปล่า:3	train=8
เบอร์โทร	8	3	เบอร์โทร	เบอร์โทร:5 เบอร์|โทร:3	train=8
เพื่อนสนิท	8	3	เพื่อน|สนิท	เพื่อน|สนิท:5 เพื่อนสนิท:3	train=8
เสียอีก	8	3	เสียอีก	เสียอีก:5 เสีย|อีก:3	train=8
ไมได้	8	3	ไม|ได้	ไม|ได้:5 ไมได้:3	train=8
ชักธง	7	3	ชัก|ธง	ชัก|ธง:4 ชักธง:3	train=7
ตอนจบ	7	3	ตอนจบ	ตอนจบ:4 ตอน|จบ:3	train=7
ติดเชื้อ	7	3	ติด|เชื้อ	ติด|เชื้อ:4 ติดเชื้อ:3	train=7
ทางใต้	7	3	ทางใต้	ทางใต้:4 ทาง|ใต้:3	train=7
นักล่าปิศาจ	7	3	นักล่า|ปิศาจ	นักล่า|ปิศาจ:4 นักล่าปิศาจ:3	train=7
น้อยกว่า	7	3	น้อยกว่า	น้อยกว่า:4 น้อย|กว่า:3	train=7
มือดี	7	3	มือดี	มือดี:4 มือ|ดี:3	train=7
วังมังกร	7	3	วังมังกร	วังมังกร:4 วัง|มังกร:3	train=7
วางมือ	7	3	วางมือ	วางมือ:4 วาง|มือ:3	test=1,train=6
หลบซ่อน	7	3	หลบซ่อน	หลบซ่อน:4 หลบ|ซ่อน:3	train=7
เป็นธรรมชาติ	7	3	เป็นธรรมชาติ	เป็นธรรมชาติ:4 เป็น|ธรรมชาติ:3	train=7
ได้ความ	7	3	ได้ความ	ได้ความ:4 ได้|ความ:3	test=1,train=5,val=1
คนดัง	6	3	คน|ดัง	คน|ดัง:3 คนดัง:3	train=6
ตู้เสื้อผ้า	6	3	ตู้เสื้อผ้า	ตู้เสื้อผ้า:3 ตู้|เสื้อผ้า:3	train=6
บ้านผีสิง	6	3	บ้านผีสิง	บ้านผีสิง:3 บ้าน|ผีสิง:3	train=6
ผีสิง	6	3	ผี|สิง	ผี|สิง:3 ผีสิง:3	train=6
พอกันที	6	3	พอกันที	พอกันที:3 พอกัน|ที:2 พอ|กัน|ที:1	train=6
ภาษาจีน	6	3	ภาษาจีน	ภาษาจีน:3 ภาษา|จีน:3	train=6
ลูกแมว	6	3	ลูกแมว	ลูกแมว:3 ลูก|แมว:3	train=6
สมัยนั้น	6	3	สมัย|นั้น	สมัย|นั้น:3 สมัยนั้น:3	train=6
หมดตัว	6	3	หมด|ตัว	หมด|ตัว:3 หมดตัว:3	train=6
หยุดนิ่ง	6	3	หยุด|นิ่ง	หยุด|นิ่ง:3 หยุดนิ่ง:3	train=6
อะนะ	6	3	อะ|นะ	อะ|นะ:3 อะนะ:3	test=1,train=5
เกินพอ	6	3	เกินพอ	เกินพอ:3 เกิน|พอ:3	train=6
แอบฟัง	6	3	แอบ|ฟัง	แอบ|ฟัง:3 แอบฟัง:3	train=6
จับตามอง	5	3	จับ|ตามอง	จับ|ตามอง:2 จับตามอง:2 จับ|ตา|มอง:1	train=5
ทำไม	1488	2	ทำไม	ทำไม:1486 ทำ|ไม:2	test=21,train=1453,val=14
ก็ได้	463	2	ก็|ได้	ก็|ได้:461 ก็ได้:2	test=5,train=450,val=8
ไปไหน	438	2	ไป|ไหน	ไป|ไหน:436 ไปไหน:2	test=3,train=434,val=1
บอกว่า	320	2	บอก|ว่า	บอก|ว่า:318 บอกว่า:2	test=3,train=313,val=4
มานี่	256	2	มา|นี่	มา|นี่:254 มานี่:2	test=2,train=251,val=3
--	225	2	--	--:223 -|-:2	test=2,train=220,val=3
ต่อไป	225	2	ต่อไป	ต่อไป:223 ต่อ|ไป:2	test=1,train=221,val=3
ได้ไง	148	2	ได้|ไง	ได้|ไง:146 ได้ไง:2	test=2,train=145,val=1
เร็วๆ	140	2	เร็ว|ๆ	เร็ว|ๆ:138 เร็วๆ:2	test=1,train=138,val=1
ก็ดี	118	2	ก็|ดี	ก็|ดี:116 ก็ดี:2	test=1,train=117
ตรงไหน	115	2	ตรงไหน	ตรงไหน:113 ตรง|ไหน:2	test=4,train=110,val=1
ลงมา	108	2	ลง|มา	ลง|มา:106 ลงมา:2	test=1,train=106,val=1
พอแล้ว	84	2	พอ|แล้ว	พอ|แล้ว:82 พอแล้ว:2	train=84
ไม่งั้น	79	2	ไม่งั้น	ไม่งั้น:77 ไม่|งั้น:2	test=4,train=74,val=1
ทุกวัน	65	2	ทุกวัน	ทุกวัน:63 ทุก|วัน:2	train=65
อันนี้	64	2	อัน|นี้	อัน|นี้:62 อันนี้:2	test=3,train=60,val=1
ทุกๆ	56	2	ทุก|ๆ	ทุก|ๆ:54 ทุกๆ:2	test=2,train=54
แถวนี้	56	2	แถว|นี้	แถว|นี้:54 แถวนี้:2	test=1,train=54,val=1
นี่นา	55	2	นี่นา	นี่นา:53 นี่|นา:2	train=55
หน้าที่	51	2	หน้าที่	หน้าที่:49 หน้า|ที่:2	test=1,train=49,val=1
แปลว่า	50	2	แปล|ว่า	แปล|ว่า:48 แปลว่า:2	train=49,val=1
แบบไหน	48	2	แบบ|ไหน	แบบ|ไหน:46 แบบไหน:2	test=1,train=47
จากไป	43	2	จากไป	จากไป:41 จาก|ไป:2	test=1,train=42
ทางออก	43	2	ทางออก	ทางออก:41 ทาง|ออก:2	test=1,train=41,val=1
สักครู่	43	2	สักครู่	สักครู่:41 สัก|ครู่:2	train=41,val=2
พวกมึง	39	2	พวก|มึง	พวก|มึง:37 พวกมึง:2	train=38,val=1
เสียเวลา	39	2	เสีย|เวลา	เสีย|เวลา:37 เสียเวลา:2	test=1,train=38
ไอ้นี่	39	2	ไอ้นี่	ไอ้นี่:37 ไอ้|นี่:2	train=39
แต่งตัว	37	2	แต่ง|ตัว	แต่ง|ตัว:35 แต่งตัว:2	test=1,train=36
เอาไง	35	2	เอา|ไง	เอา|ไง:33 เอาไง:2	test=1,train=32,val=2
กลับกัน	34	2	กลับ|กัน	กลับ|กัน:32 กลับกัน:2	train=33,val=1
ด้วยซ้ำ	33	2	ด้วยซ้ำ	ด้วยซ้ำ:31 ด้วย|ซ้ำ:2	test=1,train=32
ขึ้นกับ	32	2	ขึ้น|กับ	ขึ้น|กับ:30 ขึ้นกับ:2	test=1,train=31
สักอย่าง	32	2	สักอย่าง	สักอย่าง:30 สัก|อย่าง:2	train=32
คนแรก	31	2	คน|แรก	คน|แรก:29 คนแรก:2	train=31
ทั้งวัน	31	2	ทั้งวัน	ทั้งวัน:29 ทั้ง|วัน:2	train=30,val=1
ไม่สบาย	31	2	ไม่|สบาย	ไม่|สบาย:29 ไม่สบาย:2	train=31
ขออนุญาต	29	2	ขออนุญาต	ขออนุญาต:27 ขอ|อนุญาต:2	train=29
ครั้งเดียว	29	2	ครั้ง|เดียว	ครั้ง|เดียว:27 ครั้งเดียว:2	train=28,val=1
นึกถึง	28	2	นึก|ถึง	นึก|ถึง:26 นึกถึง:2	train=28
ว่างั้น	27	2	ว่า|งั้น	ว่า|งั้น:25 ว่างั้น:2	train=27
ไอ้เวร	27	2	ไอ้|เวร	ไอ้|เวร:25 ไอ้เวร:2	train=26,val=1
น่าทึ่ง	26	2	น่าทึ่ง	น่าทึ่ง:24 น่า|ทึ่ง:2	train=24,val=2
มีสิทธิ์	25	2	มี|สิทธิ์	มี|สิทธิ์:23 มีสิทธิ์:2	train=25
ช่างเถอะ	23	2	ช่างเถอะ	ช่างเถอะ:21 ช่าง|เถอะ:2	test=1,train=22
ทุกท่าน	23	2	ทุกท่าน	ทุกท่าน:21 ทุก|ท่าน:2	test=2,train=21
แม่อยู่	22	2	แม่|อยู่	แม่|อยู่:20 แม่อยู่:2	train=22
อีกไม่นาน	21	2	อีก|ไม่|นาน	อีก|ไม่|นาน:19 อีกไม่นาน:2	train=21
แย่จัง	21	2	แย่|จัง	แย่|จัง:19 แย่จัง:2	test=1,train=19,val=1
คงอยู่	20	2	คง|อยู่	คง|อยู่:18 คงอยู่:2	test=1,train=19
ว่าแต่	20	2	ว่าแต่	ว่าแต่:18 ว่า|แต่:2	test=1,train=19
อันใด	20	2	อันใด	อันใด:18 อัน|ใด:2	train=20
เป็นอิสระ	20	2	เป็น|อิสระ	เป็น|อิสระ:18 เป็นอิสระ:2	train=19,val=1
ต้าดี	19	2	ต้าดี	ต้าดี:17 ต้า|ดี:2	train=19
ที่ไป	19	2	ที่|ไป	ที่|ไป:17 ที่ไป:2	train=19
อาหารเช้า	19	2	อาหารเช้า	อาหารเช้า:17 อาหาร|เช้า:2	test=1,train=18
เตรียมพร้อม	19	2	เตรียมพร้อม	เตรียมพร้อม:17 เตรียม|พร้อม:2	train=19
ขอโทษที	18	2	ขอโทษ|ที	ขอโทษ|ที:16 ขอโทษที:2	train=18
ช่างหัว	18	2	ช่างหัว	ช่างหัว:16 ช่าง|หัว:2	train=16,val=2
พร้อมกัน	18	2	พร้อมกัน	พร้อมกัน:16 พร้อม|กัน:2	train=17,val=1
ยาพิษ	18	2	ยาพิษ	ยาพิษ:16 ยา|พิษ:2	train=17,val=1
รู้ตัว	18	2	รู้|ตัว	รู้|ตัว:16 รู้ตัว:2	test=1,train=17
เด็กผู้ชาย	18	2	เด็กผู้ชาย	เด็กผู้ชาย:16 เด็ก|ผู้ชาย:2	train=18
คุ้มกัน	17	2	คุ้มกัน	คุ้มกัน:15 คุ้ม|กัน:2	train=17
วันเสาร์	17	2	วัน|เสาร์	วัน|เสาร์:15 วันเสาร์:2	train=17
ขึ้นอยู่กับ	16	2	ขึ้นอยู่กับ	ขึ้นอยู่กับ:14 ขึ้นอยู่|กับ:2	train=16
คนจีน	16	2	คน|จีน	คน|จีน:14 คนจีน:2	train=16
คนใน	16	2	คน|ใน	คน|ใน:14 คนใน:2	train=16
ทางเข้า	16	2	ทางเข้า	ทางเข้า:14 ทาง|เข้า:2	train=16
มารบกวน	16	2	มา|รบกวน	มา|รบกวน:14 มารบกวน:2	train=16
สิ่งนั้น	15	2	สิ่ง|นั้น	สิ่ง|นั้น:13 สิ่งนั้น:2	train=15
หมดเวลา	15	2	หมดเวลา	หมดเวลา:13 หมด|เวลา:2	train=15
เเบบนี้	15	2	เเบบนี้	เเบบนี้:13 เเบบ|นี้:2	train=15
ของดี	14	2	ของ|ดี	ของ|ดี:12 ของดี:2	train=14
ของรัก	14	2	ของรัก	ของรัก:12 ของ|รัก:2	train=14
ทั้งปี	14	2	ทั้งปี	ทั้งปี:12 ทั้ง|ปี:2	train=14
วันจันทร์	14	2	วันจันทร์	วันจันทร์:12 วัน|จันทร์:2	train=14
เอานะ	14	2	เอา|นะ	เอา|นะ:12 เอานะ:2	train=14
แม่หนู	14	2	แม่|หนู	แม่|หนู:12 แม่หนู:2	train=14
ครั้งสุดท้าย	13	2	ครั้ง|สุดท้าย	ครั้ง|สุดท้าย:11 ครั้งสุดท้าย:2	train=13
ทำการ	13	2	ทำ|การ	ทำ|การ:11 ทำการ:2	train=13
มีอา	13	2	มีอา	มีอา:11 มี|อา:2	test=1,train=12
รถพยาบาล	13	2	รถพยาบาล	รถพยาบาล:11 รถ|พยาบาล:2	test=1,train=12
ลูกแม่	13	2	ลูก|แม่	ลูก|แม่:11 ลูกแม่:2	train=13
วันหลัง	13	2	วันหลัง	วันหลัง:11 วัน|หลัง:2	train=13
เวลานี้	13	2	เวลา|นี้	เวลา|นี้:11 เวลานี้:2	train=13
ไว้ชีวิต	13	2	ไว้|ชีวิต	ไว้|ชีวิต:11 ไว้ชีวิต:2	train=13
การฆ่า	12	2	การ|ฆ่า	การ|ฆ่า:10 การฆ่า:2	train=12
คนธรรมดา	12	2	คน|ธรรมดา	คน|ธรรมดา:10 คนธรรมดา:2	train=12
ถึงตา	12	2	ถึง|ตา	ถึง|ตา:10 ถึงตา:2	train=12
น่ากิน	12	2	น่ากิน	น่ากิน:10 น่า|กิน:2	train=12
บ้าเอ้ย	12	2	บ้า|เอ้ย	บ้า|เอ้ย:10 บ้าเอ้ย:2	train=12
หายดี	12	2	หาย|ดี	หาย|ดี:10 หายดี:2	train=12
เข้าใกล้	12	2	เข้าใกล้	เข้าใกล้:10 เข้า|ใกล้:2	train=12
ไหนดี	12	2	ไหน|ดี	ไหน|ดี:10 ไหนดี:2	test=1,train=11
การสอบ	11	2	การสอบ	การสอบ:9 การ|สอบ:2	train=11
ชาเหอ	11	2	ชาเหอ	ชาเหอ:9 ชา|เหอ:2	train=11
ถอยกลับ	11	2	ถอย|กลับ	ถอย|กลับ:9 ถอยกลับ:2	train=10,val=1
ท่านปู่	11	2	ท่านปู่	ท่านปู่:9 ท่าน|ปู่:2	train=11
น้ำร้อน	11	2	น้ำร้อน	น้ำร้อน:9 น้ำ|ร้อน:2	train=11
มารึเปล่า	11	2	มา|รึเปล่า	มา|รึเปล่า:9 มารึเปล่า:2	train=11
มีหวัง	11	2	มี|หวัง	มี|หวัง:9 มีหวัง:2	train=11
รวมถึง	11	2	รวมถึง	รวมถึง:9 รวม|ถึง:2	train=11
สีดำ	11	2	สี|ดำ	สี|ดำ:9 สีดำ:2	train=11
ออกจะ	11	2	ออกจะ	ออกจะ:9 ออก|จะ:2	test=1,train=10
อันนั้น	11	2	อัน|นั้น	อัน|นั้น:9 อันนั้น:2	train=10,val=1
แต่เช้า	11	2	แต่|เช้า	แต่|เช้า:9 แต่เช้า:2	test=1,train=10
ด้วยความยินดี	10	2	ด้วย|ความยินดี	ด้วย|ความยินดี:8 ด้วยความยินดี:2	train=10
ตามอง	10	2	ตามอง	ตามอง:8 ตา|มอง:2	train=10
พระคาร์ดินัล	10	2	พระคาร์ดินัล	พระคาร์ดินัล:8 พระ|คาร์ดินัล:2	train=10
หลงกล	10	2	หลง|กล	หลง|กล:8 หลงกล:2	train=9,val=1
หลายอย่าง	10	2	หลาย|อย่าง	หลาย|อย่าง:8 หลายอย่าง:2	train=10
ไอ้งั่ง	10	2	ไอ้งั่ง	ไอ้งั่ง:8 ไอ้|งั่ง:2	train=10
การควบคุม	9	2	การควบคุม	การควบคุม:7 การ|ควบคุม:2	train=9
ชาติชั่ว	9	2	ชาติ|ชั่ว	ชาติ|ชั่ว:7 ชาติชั่ว:2	test=1,train=8
ละมั้ง	9	2	ละ|มั้ง	ละ|มั้ง:7 ละมั้ง:2	train=9
วางยา	9	2	วางยา	วางยา:7 วาง|ยา:2	train=9
สวดมนต์	9	2	สวด|มนต์	สวด|มนต์:7 สวดมนต์:2	train=9
หายาก	9	2	หายาก	หายาก:7 หา|ยาก:2	train=9
ออกแรง	9	2	ออกแรง	ออกแรง:7 ออก|แรง:2	train=9
เป็นพิเศษ	9	2	เป็น|พิเศษ	เป็น|พิเศษ:7 เป็นพิเศษ:2	train=9
เพราะงั้น	9	2	เพราะ|งั้น	เพราะ|งั้น:7 เพราะงั้น:2	train=9
เหี้ยไร	9	2	เหี้ยไร	เหี้ยไร:7 เหี้ย|ไร:2	test=1,train=8
แง่ดี	9	2	แง่|ดี	แง่|ดี:7 แง่ดี:2	train=9
แม่เจ้า	9	2	แม่เจ้า	แม่เจ้า:7 แม่|เจ้า:2	train=8,val=1
ก่อนอื่น	8	2	ก่อนอื่น	ก่อนอื่น:6 ก่อน|อื่น:2	train=8
ถือสาย	8	2	ถือ|สาย	ถือ|สาย:6 ถือสาย:2	train=8
ท่านที	8	2	ท่านที	ท่านที:6 ท่าน|ที:2	train=8
น้ำท่วม	8	2	น้ำท่วม	น้ำท่วม:6 น้ำ|ท่วม:2	train=8
ผู้ต้องสงสัย	8	2	ผู้ต้องสงสัย	ผู้ต้องสงสัย:6 ผู้|ต้องสงสัย:2	train=8
สีน้ำเงิน	8	2	สี|น้ำเงิน	สี|น้ำเงิน:6 สีน้ำเงิน:2	train=8
อะไรรึ	8	2	อะไร|รึ	อะไร|รึ:6 อะไรรึ:2	train=8
เก่าแก่	8	2	เก่าแก่	เก่าแก่:6 เก่า|แก่:2	train=8
เพื่อที่จะ	8	2	เพื่อ|ที่|จะ	เพื่อ|ที่|จะ:6 เพื่อที่จะ:2	train=8
เลือดออก	8	2	เลือดออก	เลือดออก:6 เลือด|ออก:2	train=8
เล่นงาน	8	2	เล่นงาน	เล่นงาน:6 เล่น|งาน:2	train=8
แป๊บหนึ่ง	8	2	แป๊บ|หนึ่ง	แป๊บ|หนึ่ง:6 แป๊บหนึ่ง:2	train=8
โง่เขลา	8	2	โง่เขลา	โง่เขลา:6 โง่|เขลา:2	train=8
ไม่เป็นอะไร	8	2	ไม่|เป็น|อะไร	ไม่|เป็น|อะไร:6 ไม่เป็นอะไร:1 ไม่เป็น|อะไร:1	train=8
คนเล็ก	7	2	คน|เล็ก	คน|เล็ก:5 คนเล็ก:2	train=7
คำโกหก	7	2	คำโกหก	คำโกหก:5 คำ|โกหก:2	train=7
จากนี้	7	2	จาก|นี้	จาก|นี้:5 จากนี้:2	train=7
ซักที	7	2	ซักที	ซักที:5 ซัก|ที:2	train=7
ตัวรอด	7	2	ตัวรอด	ตัวรอด:5 ตัว|รอด:2	train=7
ท่านเคานต์	7	2	ท่าน|เคานต์	ท่าน|เคานต์:5 ท่านเคานต์:2	train=7
ท่านแม่ทัพ	7	2	ท่าน|แม่ทัพ	ท่าน|แม่ทัพ:5 ท่านแม่ทัพ:2	train=7
ประทานโทษ	7	2	ประทาน|โทษ	ประทาน|โทษ:5 ประทานโทษ:2	train=7
ป้าแช่ม	7	2	ป้า|แช่ม	ป้า|แช่ม:5 ป้าแช่ม:2	train=7
พี่หำแหล่	7	2	พี่หำแหล่	พี่หำแหล่:5 พี่|หำแหล่:2	train=7
ฟ้าผ่า	7	2	ฟ้าผ่า	ฟ้าผ่า:5 ฟ้า|ผ่า:2	train=7
ยามนี้	7	2	ยามนี้	ยามนี้:5 ยาม|นี้:2	train=7
ลงชื่อ	7	2	ลง|ชื่อ	ลง|ชื่อ:5 ลงชื่อ:2	train=7
ว่ากันว่า	7	2	ว่า|กัน|ว่า	ว่า|กัน|ว่า:5 ว่ากันว่า:1 ว่ากัน|ว่า:1	train=7
ส่วนไหน	7	2	ส่วน|ไหน	ส่วน|ไหน:5 ส่วนไหน:2	train=6,val=1
หนึ่งหมื่น	7	2	หนึ่ง|หมื่น	หนึ่ง|หมื่น:5 หนึ่งหมื่น:2	train=7
หัวเขา	7	2	หัว|เขา	หัว|เขา:5 หัวเขา:2	train=7
เชฟสลัด	7	2	เชฟ|สลัด	เชฟ|สลัด:5 เชฟสลัด:2	train=7
เวลาว่าง	7	2	เวลา|ว่าง	เวลา|ว่าง:5 เวลาว่าง:2	train=7
เสียแล้ว	7	2	เสีย|แล้ว	เสีย|แล้ว:5 เสียแล้ว:2	train=7
เอาหน่อย	7	2	เอา|หน่อย	เอา|หน่อย:5 เอาหน่อย:2	train=7
เอาอีกแล้ว	7	2	เอาอีกแล้ว	เอาอีกแล้ว:5 เอา|อีกแล้ว:2	train=7
ใบ้คำ	7	2	ใบ้|คำ	ใบ้|คำ:5 ใบ้คำ:2	train=7
การรักษา	6	2	การรักษา	การรักษา:4 การ|รักษา:2	train=6
การเปลี่ยนแปลง	6	2	การเปลี่ยนแปลง	การเปลี่ยนแปลง:4 การ|เปลี่ยนแปลง:2	train=6
การแข่ง	6	2	การแข่ง	การแข่ง:4 การ|แข่ง:2	train=6
ก้อนหิน	6	2	ก้อนหิน	ก้อนหิน:4 ก้อน|หิน:2	train=6
ขอบใจจ้ะ	6	2	ขอบใจ|จ้ะ	ขอบใจ|จ้ะ:4 ขอบใจจ้ะ:2	train=6
คนรับใช้	6	2	คน|รับใช้	คน|รับใช้:4 คนรับใช้:2	train=6
คุณแจ็คสัน	6	2	คุณ|แจ็คสัน	คุณ|แจ็คสัน:4 คุณแจ็คสัน:2	train=6
จดหมายลา	6	2	จดหมายลา	จดหมายลา:4 จดหมาย|ลา:2	train=5,val=1
ชั้นล่าง	6	2	ชั้นล่าง	ชั้นล่าง:4 ชั้น|ล่าง:2	train=6
ซักวัน	6	2	ซักวัน	ซักวัน:4 ซัก|วัน:2	train=5,val=1
ตีห้าครึ่ง	6	2	ตีห้าครึ่ง	ตีห้าครึ่ง:4 ตีห้า|ครึ่ง:2	train=6
ต่อจากนี้	6	2	ต่อ|จาก|นี้	ต่อ|จาก|นี้:4 ต่อจากนี้:2	train=6
ถึงว่า	6	2	ถึงว่า	ถึงว่า:4 ถึง|ว่า:2	train=6
ทั้งตัว	6	2	ทั้งตัว	ทั้งตัว:4 ทั้ง|ตัว:2	train=6
ปิดตาย	6	2	ปิด|ตาย	ปิด|ตาย:4 ปิดตาย:2	train=6
ภาษาญี่ปุ่น	6	2	ภาษา|ญี่ปุ่น	ภาษา|ญี่ปุ่น:4 ภาษาญี่ปุ่น:2	train=6
มีเกียรติ	6	2	มี|เกียรติ	มี|เกียรติ:4 มีเกียรติ:2	train=6
มื้อเย็น	6	2	มื้อเย็น	มื้อเย็น:4 มื้อ|เย็น:2	train=6
ลูกพีช	6	2	ลูกพีช	ลูกพีช:4 ลูก|พีช:2	train=6
ศาลทหาร	6	2	ศาลทหาร	ศาลทหาร:4 ศาล|ทหาร:2	train=6
หมอฟัน	6	2	หมอ|ฟัน	หมอ|ฟัน:4 หมอฟัน:2	train=6
หอกหัก	6	2	หอก|หัก	หอก|หัก:4 หอกหัก:2	train=6
ห้องพัก	6	2	ห้องพัก	ห้องพัก:4 ห้อง|พัก:2	test=1,train=5
อย่างแรก	6	2	อย่าง|แรก	อย่าง|แรก:4 อย่างแรก:2	train=6
อะไรก็ตาม	6	2	อะไร|ก็|ตาม	อะไร|ก็|ตาม:4 อะไร|ก็ตาม:1 อะไรก็ตาม:1	train=6
อีกด้วย	6	2	อีกด้วย	อีกด้วย:4 อีก|ด้วย:2	train=6
เหมือนจริง	6	2	เหมือนจริง	เหมือนจริง:4 เหมือน|จริง:2	train=6
โปรดทราบ	6	2	โปรด|ทราบ	โปรด|ทราบ:4 โปรดทราบ:2	train=6
ไอระยำ	6	2	ไอระยำ	ไอระยำ:4 ไอ|ระยำ:2	train=6
การดี	5	2	การ|ดี	การ|ดี:3 การดี:2	train=5
การทรมาน	5	2	การ|ทรมาน	การ|ทรมาน:3 การทรมาน:2	train=5
การใด	5	2	การ|ใด	การ|ใด:3 การใด:2	train=5
การไต่สวน	5	2	การไต่สวน	การไต่สวน:3 การ|ไต่สวน:2	train=5
ของที่ระลึก	5	2	ของ|ที่ระลึก	ของ|ที่ระลึก:3 ของที่ระลึก:2	train=5
คอหัก	5	2	คอหัก	คอหัก:3 คอ|หัก:2	train=5
คิดสั้น	5	2	คิดสั้น	คิดสั้น:3 คิด|สั้น:2	train=5
คุณวอยเตอร์	5	2	คุณวอยเตอร์	คุณวอยเตอร์:3 คุณ|วอยเตอร์:2	train=5
งานแต่งงาน	5	2	งานแต่งงาน	งานแต่งงาน:3 งาน|แต่งงาน:2	train=5
จางหาย	5	2	จางหาย	จางหาย:3 จาง|หาย:2	train=5
จิตใจดี	5	2	จิตใจดี	จิตใจดี:3 จิตใจ|ดี:2	train=5
ตรงนู้น	5	2	ตรง|นู้น	ตรง|นู้น:3 ตรงนู้น:2	train=5
ตัวไหน	5	2	ตัว|ไหน	ตัว|ไหน:3 ตัวไหน:2	train=5
ตามใจชอบ	5	2	ตามใจชอบ	ตามใจชอบ:3 ตามใจ|ชอบ:2	train=5
ติดหนี้	5	2	ติด|หนี้	ติด|หนี้:3 ติดหนี้:2	train=5
ทีดี	5	2	ทีดี	ทีดี:3 ที|ดี:2	train=5
ที่ซ่อน	5	2	ที่|ซ่อน	ที่|ซ่อน:3 ที่ซ่อน:2	train=5
นักฟิสิกส์	5	2	นักฟิสิกส์	นักฟิสิกส์:3 นัก|ฟิสิกส์:2	train=5
นักล่างู	5	2	นักล่างู	นักล่างู:3 นักล่า|งู:1 นัก|ล่างู:1	train=4,val=1
บ่ายนี้	5	2	บ่ายนี้	บ่ายนี้:3 บ่าย|นี้:2	train=5
บ้าตาย	5	2	บ้า|ตาย	บ้า|ตาย:3 บ้าตาย:2	train=5
ปากดี	5	2	ปากดี	ปากดี:3 ปาก|ดี:2	train=5
พอกัน	5	2	พอกัน	พอกัน:3 พอ|กัน:2	train=5
มาเลสกี้	5	2	มาเลสกี้	มาเลสกี้:3 มา|เลสกี้:2	train=5
ยายเปรียก	5	2	ยายเปรียก	ยายเปรียก:3 ยาย|เปรียก:2	train=5
ลดลง	5	2	ลด|ลง	ลด|ลง:3 ลดลง:2	train=5
วันใหม่	5	2	วันใหม่	วันใหม่:3 วัน|ใหม่:2	train=5
ว่าที่	5	2	ว่า|ที่	ว่า|ที่:3 ว่าที่:2	train=5
ศูนย์หนึ่ง	5	2	ศูนย์|หนึ่ง	ศูนย์|หนึ่ง:3 ศูนย์หนึ่ง:2	train=5
สิ่งเลวร้าย	5	2	สิ่งเลวร้าย	สิ่งเลวร้าย:3 สิ่ง|เลวร้าย:2	train=5
สีทอง	5	2	สีทอง	สีทอง:3 สี|ทอง:2	train=5
หนูนั่น	5	2	หนูนั่น	หนูนั่น:3 หนู|นั่น:2	train=5
หันหลัง	5	2	หัน|หลัง	หัน|หลัง:3 หันหลัง:2	train=5
ห่าเอ๊ย	5	2	ห่า|เอ๊ย	ห่า|เอ๊ย:3 ห่าเอ๊ย:2	train=5
อ้างว่า	5	2	อ้างว่า	อ้างว่า:3 อ้าง|ว่า:2	train=5
เจ้าตัว	5	2	เจ้าตัว	เจ้าตัว:3 เจ้า|ตัว:2	train=5
เป็นอย่างดี	5	2	เป็น|อย่าง|ดี	เป็น|อย่าง|ดี:3 เป็นอย่างดี:1 เป็น|อย่างดี:1	test=1,train=4
เวลานั้น	5	2	เวลา|นั้น	เวลา|นั้น:3 เวลานั้น:2	train=5
เสียงเพลง	5	2	เสียงเพลง	เสียงเพลง:3 เสียง|เพลง:2	train=5
แก่ใจ	5	2	แก่|ใจ	แก่|ใจ:3 แก่ใจ:2	train=5
แถวตรง	5	2	แถว|ตรง	แถว|ตรง:3 แถวตรง:2	train=5
แผงควบคุม	5	2	แผง|ควบคุม	แผง|ควบคุม:3 แผงควบคุม:2	train=5
แม่มิโตร	5	2	แม่|มิโตร	แม่|มิโตร:3 แม่มิโตร:2	train=5
โดนดี	5	2	โดน|ดี	โดน|ดี:3 โดนดี:2	train=5
ใบบัว	5	2	ใบ|บัว	ใบ|บัว:3 ใบบัว:2	train=5
ใส่ความ	5	2	ใส่ความ	ใส่ความ:3 ใส่|ความ:2	train=5
ไม่อะไร	5	2	ไม่|อะไร	ไม่|อะไร:3 ไม่อะไร:2	train=5
ไอ้ดอน	5	2	ไอ้|ดอน	ไอ้|ดอน:3 ไอ้ดอน:2	train=5
กลางเมือง	4	2	กลาง|เมือง	กลาง|เมือง:2 กลางเมือง:2	train=4
การไถ่โทษ	4	2	การไถ่โทษ	การไถ่โทษ:2 การ|ไถ่|โทษ:2	train=4
ครั้งนั้น	4	2	ครั้งนั้น	ครั้งนั้น:2 ครั้ง|นั้น:2	train=4
คำนึง	4	2	คำนึง	คำนึง:2 คำ|นึง:2	train=4
คืองี้	4	2	คืองี้	คืองี้:2 คือ|งี้:2	train=4
คุณบอร์เด้น	4	2	คุณ|บอร์เด้น	คุณ|บอร์เด้น:2 คุณบอร์เด้น:2	train=4
คุณมาเลสกี้	4	2	คุณ|มา|เลสกี้	คุณ|มา|เลสกี้:2 คุณ|มาเลสกี้:1 คุณมาเลสกี้:1	train=4
คุณโรส	4	2	คุณโรส	คุณโรส:2 คุณ|โรส:2	test=1,train=3
ค่าซ่อม	4	2	ค่า|ซ่อม	ค่า|ซ่อม:2 ค่าซ่อม:2	train=4
จับคู่	4	2	จับคู่	จับคู่:2 จับ|คู่:2	train=4
ตายจริง	4	2	ตายจริง	ตายจริง:2 ตาย|จริง:2	train=4
ที่โน่น	4	2	ที่|โน่น	ที่|โน่น:2 ที่โน่น:2	train=4
ท่านอาจารย์ฮั่ว	4	2	ท่าน|อาจารย์|ฮั่ว	ท่าน|อาจารย์|ฮั่ว:2 ท่านอาจารย์ฮั่ว:2	train=4
น้ำดื่ม	4	2	น้ำดื่ม	น้ำดื่ม:2 น้ำ|ดื่ม:2	train=4
บรู-รา-ฮรูม	4	2	บรู|-|รา|-|ฮรูม	บรู|-|รา|-|ฮรูม:2 บรู-รา-ฮรูม:2	train=4
ปลิดชีพ	4	2	ปลิด|ชีพ	ปลิด|ชีพ:2 ปลิดชีพ:2	train=4
ปัดฝุ่น	4	2	ปัดฝุ่น	ปัดฝุ่น:2 ปัด|ฝุ่น:2	train=4
ผ้าคลุม	4	2	ผ้าคลุม	ผ้าคลุม:2 ผ้า|คลุม:2	train=4
พอไหว	4	2	พอไหว	พอไหว:2 พอ|ไหว:2	train=4
พี่วิทย์	4	2	พี่วิทย์	พี่วิทย์:2 พี่|วิทย์:2	test=1,train=3
รถมอเตอร์ไซค์	4	2	รถมอเตอร์ไซค์	รถมอเตอร์ไซค์:2 รถ|มอเตอร์ไซค์:2	train=4
ราวกับว่า	4	2	ราวกับ|ว่า	ราวกับ|ว่า:2 ราวกับว่า:2	train=4
รึว่า	4	2	รึ|ว่า	รึ|ว่า:2 รึว่า:2	train=4
ร่วมกับ	4	2	ร่วมกับ	ร่วมกับ:2 ร่วม|กับ:2	train=4
ลิ้มรส	4	2	ลิ้มรส	ลิ้มรส:2 ลิ้ม|รส:2	train=4
สัปดาห์หน้า	4	2	สัปดาห์|หน้า	สัปดาห์|หน้า:2 สัปดาห์หน้า:2	train=4
หนูนี่	4	2	หนู|นี่	หนู|นี่:2 หนูนี่:2	train=4
หมดแก้ว	4	2	หมด|แก้ว	หมด|แก้ว:2 หมดแก้ว:2	train=4
หลานรัก	4	2	หลานรัก	หลานรัก:2 หลาน|รัก:2	train=4
ห้องใต้ถุน	4	2	ห้องใต้ถุน	ห้องใต้ถุน:2 ห้อง|ใต้ถุน:2	train=3,val=1
เคลื่อนพล	4	2	เคลื่อนพล	เคลื่อนพล:2 เคลื่อน|พล:2	train=4
เจ้านั่นแหละ	4	2	เจ้านั่น|แหละ	เจ้านั่น|แหละ:2 เจ้านั่นแหละ:2	train=4
เจ้ามือ	4	2	เจ้ามือ	เจ้ามือ:2 เจ้า|มือ:2	train=4
เด็กทารก	4	2	เด็ก|ทารก	เด็ก|ทารก:2 เด็กทารก:2	train=4
เถ้าแก่พัค	4	2	เถ้าแก่พัค	เถ้าแก่พัค:2 เถ้าแก่|พัค:2	train=4
เนื้อย่าง	4	2	เนื้อย่าง	เนื้อย่าง:2 เนื้อ|ย่าง:2	train=4
เป็นทุกข์	4	2	เป็นทุกข์	เป็นทุกข์:2 เป็น|ทุกข์:2	train=4
เป็นสุข	4	2	เป็น|สุข	เป็น|สุข:2 เป็นสุข:2	train=4
เมืองเหล็ก	4	2	เมืองเหล็ก	เมืองเหล็ก:2 เมือง|เหล็ก:2	train=4
เรื่องมาก	4	2	เรื่องมาก	เรื่องมาก:2 เรื่อง|มาก:2	train=4
เรื่องเล่า	4	2	เรื่อง|เล่า	เรื่อง|เล่า:2 เรื่องเล่า:2	train=4
เลิกจ้าง	4	2	เลิกจ้าง	เลิกจ้าง:2 เลิก|จ้าง:2	train=4
แกงกะหรี่	4	2	แกงกะหรี่	แกงกะหรี่:2 แกง|กะหรี่:2	train=4
แตนสังหาร	4	2	แตน|สังหาร	แตน|สังหาร:2 แตนสังหาร:2	train=4
โดยลำพัง	4	2	โดยลำพัง	โดยลำพัง:2 โดย|ลำพัง:2	train=4
ไก่อ่อน	4	2	ไก่|อ่อน	ไก่|อ่อน:2 ไก่อ่อน:2	train=4
ไม้ต่อ	4	2	ไม้ต่อ	ไม้ต่อ:2 ไม้|ต่อ:2	train=4
พอลมือเจาะ	3	2	พอลมือเจาะ	พอลมือเจาะ:1 พอล|มือ|เจาะ:1 พอล|มือเจาะ:1	train=3
แม่รำเพย	3	2	แม่รำเพย	แม่รำเพย:1 แม่|รำ|เพย:1 แม่|รำเพย:1	train=3
วันนี้	349	1	วันนี้	วันนี้:348 วัน|นี้:1	test=7,train=338,val=4
ที่สุด	223	1	ที่สุด	ที่สุด:222 ที่|สุด:1	test=2,train=221
ห้าม	198	1	ห้าม	ห้าม:197 ห้า|ม:1	test=1,train=195,val=2
ด้วยกัน	145	1	ด้วยกัน	ด้วยกัน:144 ด้วย|กัน:1	test=4,train=140,val=1
อย่างนี้	131	1	อย่างนี้	อย่างนี้:130 อย่าง|นี้:1	test=2,train=126,val=3
ไม่ไหว	99	1	ไม่|ไหว	ไม่|ไหว:98 ไม่ไหว:1	test=1,train=96,val=2
ยอมรับ	86	1	ยอมรับ	ยอมรับ:85 ยอม|รับ:1	test=1,train=84,val=1
ตั้งแต่	85	1	ตั้งแต่	ตั้งแต่:84 ตั้ง|แต่:1	train=84,val=1
ไม่ออก	79	1	ไม่|ออก	ไม่|ออก:78 ไม่ออก:1	test=1,train=77,val=1
หลังจาก	71	1	หลังจาก	หลังจาก:70 หลัง|จาก:1	test=1,train=69,val=1
เกี่ยวกับ	61	1	เกี่ยวกับ	เกี่ยวกับ:60 เกี่ยว|กับ:1	train=61
กลายเป็น	57	1	กลาย|เป็น	กลาย|เป็น:56 กลายเป็น:1	test=1,train=54,val=2
เอานี่	55	1	เอา|นี่	เอา|นี่:54 เอานี่:1	test=1,train=53,val=1
ว่าย	45	1	ว่าย	ว่าย:44 ว่า|ย:1	train=43,val=2
ร้องเพลง	44	1	ร้อง|เพลง	ร้อง|เพลง:43 ร้องเพลง:1	test=1,train=42,val=1
ละกัน	44	1	ละ|กัน	ละ|กัน:43 ละกัน:1	train=44
จากนั้น	43	1	จากนั้น	จากนั้น:42 จาก|นั้น:1	test=2,train=38,val=3
พอได้	43	1	พอ|ได้	พอ|ได้:42 พอได้:1	test=1,train=42
ขอตัว	42	1	ขอ|ตัว	ขอ|ตัว:41 ขอตัว:1	train=40,val=2
คุณแม่	42	1	คุณแม่	คุณแม่:41 คุณ|แม่:1	train=42
อาบน้ำ	39	1	อาบ|น้ำ	อาบ|น้ำ:38 อาบน้ำ:1	train=37,val=2
เหมือนเดิม	39	1	เหมือนเดิม	เหมือนเดิม:38 เหมือน|เดิม:1	test=1,train=37,val=1
ตลอดเวลา	38	1	ตลอดเวลา	ตลอดเวลา:37 ตลอด|เวลา:1	train=38
ครั้งนี้	33	1	ครั้ง|นี้	ครั้ง|นี้:32 ครั้งนี้:1	test=1,train=32
ต่างกัน	33	1	ต่าง|กัน	ต่าง|กัน:32 ต่างกัน:1	train=33
น่าสนใจ	33	1	น่าสนใจ	น่าสนใจ:32 น่า|สนใจ:1	train=32,val=1
ลูกรัก	33	1	ลูกรัก	ลูกรัก:32 ลูก|รัก:1	test=1,train=32
เข้าท่า	31	1	เข้าท่า	เข้าท่า:30 เข้า|ท่า:1	train=31
เต้นรำ	31	1	เต้นรำ	เต้นรำ:30 เต้น|รำ:1	test=1,train=30
เหลือเชื่อ	31	1	เหลือเชื่อ	เหลือเชื่อ:30 เหลือ|เชื่อ:1	train=31
ต่อมา	30	1	ต่อมา	ต่อมา:29 ต่อ|มา:1	test=1,train=28,val=1
โดยเฉพาะ	30	1	โดยเฉพาะ	โดยเฉพาะ:29 โดย|เฉพาะ:1	train=30
ภาษาอังกฤษ	29	1	ภาษาอังกฤษ	ภาษาอังกฤษ:28 ภาษา|อังกฤษ:1	train=29
ใครๆ	29	1	ใครๆ	ใครๆ:28 ใคร|ๆ:1	test=1,train=28
มือขึ้น	28	1	มือ|ขึ้น	มือ|ขึ้น:27 มือขึ้น:1	train=28
ที่หนึ่ง	27	1	ที่|หนึ่ง	ที่|หนึ่ง:26 ที่หนึ่ง:1	test=1,train=26
มองหา	26	1	มองหา	มองหา:25 มอง|หา:1	train=26
คนละ	25	1	คนละ	คนละ:24 คน|ละ:1	train=24,val=1
ทำใจ	24	1	ทำ|ใจ	ทำ|ใจ:23 ทำใจ:1	train=24
นูมา	23	1	นูมา	นูมา:22 นู|มา:1	train=23
เด็กน้อย	22	1	เด็กน้อย	เด็กน้อย:21 เด็ก|น้อย:1	test=1,train=21
ช่วยชีวิต	21	1	ช่วย|ชีวิต	ช่วย|ชีวิต:20 ช่วยชีวิต:1	test=1,train=19,val=1
ทุกสิ่ง	21	1	ทุกสิ่ง	ทุกสิ่ง:20 ทุก|สิ่ง:1	train=21
ทุกคืน	20	1	ทุก|คืน	ทุก|คืน:19 ทุกคืน:1	train=20
พูดเล่น	20	1	พูด|เล่น	พูด|เล่น:19 พูดเล่น:1	test=1,train=19
เพิ่งจะ	20	1	เพิ่ง|จะ	เพิ่ง|จะ:19 เพิ่งจะ:1	train=20
งานศพ	19	1	งานศพ	งานศพ:18 งาน|ศพ:1	test=1,train=18
แสดงว่า	19	1	แสดงว่า	แสดงว่า:18 แสดง|ว่า:1	train=19
บนนั้น	18	1	บน|นั้น	บน|นั้น:17 บนนั้น:1	train=18
ผมทอง	18	1	ผม|ทอง	ผม|ทอง:17 ผมทอง:1	train=18
สิบสาม	18	1	สิบสาม	สิบสาม:17 สิบ|สาม:1	train=18
หลักศิลา	18	1	หลักศิลา	หลักศิลา:17 หลัก|ศิลา:1	train=18
เดียวกับ	18	1	เดียว|กับ	เดียว|กับ:17 เดียวกับ:1	train=18
เสียงดัง	18	1	เสียง|ดัง	เสียง|ดัง:17 เสียงดัง:1	train=18
การต่อสู้	17	1	การต่อสู้	การต่อสู้:16 การ|ต่อสู้:1	train=17
ที่นั่ง	17	1	ที่นั่ง	ที่นั่ง:16 ที่|นั่ง:1	train=17
รำเพย	17	1	รำเพย	รำเพย:16 รำ|เพย:1	train=17
อย่างดี	17	1	อย่าง|ดี	อย่าง|ดี:16 อย่างดี:1	test=1,train=16
อย่างยิ่ง	17	1	อย่าง|ยิ่ง	อย่าง|ยิ่ง:16 อย่างยิ่ง:1	train=16,val=1
อาหารเย็น	17	1	อาหารเย็น	อาหารเย็น:16 อาหาร|เย็น:1	test=1,train=16
ไปมา	17	1	ไป|มา	ไป|มา:16 ไปมา:1	test=2,train=15
ไฟไหม้	17	1	ไฟไหม้	ไฟไหม้:16 ไฟ|ไหม้:1	train=17
ไม่อาจ	17	1	ไม่|อาจ	ไม่|อาจ:16 ไม่อาจ:1	test=1,train=16
นักหนา	16	1	นักหนา	นักหนา:15 นัก|หนา:1	train=16
พระเจ้าช่วย	16	1	พระเจ้าช่วย	พระเจ้าช่วย:15 พระเจ้า|ช่วย:1	train=16
หุบเขา	16	1	หุบเขา	หุบเขา:15 หุบ|เขา:1	test=1,train=15
ข้าวของ	15	1	ข้าวของ	ข้าวของ:14 ข้าว|ของ:1	train=14,val=1
ดูด	15	1	ดูด	ดูด:14 ดู|ด:1	train=15
ตัวใหญ่	15	1	ตัว|ใหญ่	ตัว|ใหญ่:14 ตัวใหญ่:1	train=15
เหล่านี้	15	1	เหล่านี้	เหล่านี้:14 เหล่า|นี้:1	train=15
เห็นแก่	15	1	เห็นแก่	เห็นแก่:14 เห็น|แก่:1	train=15
เอ้านี่	15	1	เอ้านี่	เอ้านี่:14 เอ้า|นี่:1	train=15
ตอนเด็ก	14	1	ตอน|เด็ก	ตอน|เด็ก:13 ตอนเด็ก:1	train=14
ตัวจริง	14	1	ตัวจริง	ตัวจริง:13 ตัว|จริง:1	train=14
น่าอยู่	14	1	น่าอยู่	น่าอยู่:13 น่า|อยู่:1	train=14
การทดสอบ	13	1	การทดสอบ	การทดสอบ:12 การ|ทดสอบ:1	train=13
ว่ากัน	13	1	ว่า|กัน	ว่า|กัน:12 ว่ากัน:1	train=13
เหล่านั้น	13	1	เหล่านั้น	เหล่านั้น:12 เหล่า|นั้น:1	train=13
เห็นแก่ตัว	13	1	เห็นแก่ตัว	เห็นแก่ตัว:12 เห็น|แก่|ตัว:1	train=13
เห็นใจ	13	1	เห็นใจ	เห็นใจ:12 เห็น|ใจ:1	test=1,train=12
ไอ้นั่น	13	1	ไอ้นั่น	ไอ้นั่น:12 ไอ้|นั่น:1	train=13
ถอยหลัง	12	1	ถอยหลัง	ถอยหลัง:11 ถอย|หลัง:1	train=12
ทุกครั้ง	12	1	ทุกครั้ง	ทุกครั้ง:11 ทุก|ครั้ง:1	train=12
ย่าน	12	1	ย่าน	ย่าน:11 ย่|าน:1	train=12
อาจารย์เกา	12	1	อาจารย์เกา	อาจารย์เกา:11 อาจารย์|เกา:1	train=11,val=1
การชก	11	1	การชก	การชก:10 การ|ชก:1	train=11
จำเลย	11	1	จำเลย	จำเลย:10 จำ|เลย:1	test=1,train=10
จุดระเบิด	11	1	จุดระเบิด	จุดระเบิด:10 จุด|ระเบิด:1	train=10,val=1
ดร.ออปเพนไฮเมอร์	11	1	ดร.|ออปเพนไฮเมอร์	ดร.|ออปเพนไฮเมอร์:10 ดร.ออปเพนไฮเมอร์:1	train=11
ตกงาน	11	1	ตกงาน	ตกงาน:10 ตก|งาน:1	train=11
ตามตรง	11	1	ตามตรง	ตามตรง:10 ตาม|ตรง:1	train=10,val=1
ที่พัก	11	1	ที่พัก	ที่พัก:10 ที่|พัก:1	test=1,train=9,val=1
บนนี้	11	1	บน|นี้	บน|นี้:10 บนนี้:1	test=1,train=9,val=1
พร้อมกับ	11	1	พร้อมกับ	พร้อมกับ:10 พร้อม|กับ:1	train=11
มากี่	11	1	มา|กี่	มา|กี่:10 มากี่:1	train=11
ยี่สิบ	11	1	ยี่สิบ	ยี่สิบ:10 ยี่|สิบ:1	train=11
สิท่า	11	1	สิ|ท่า	สิ|ท่า:10 สิท่า:1	train=11
หมดอายุ	11	1	หมดอายุ	หมดอายุ:10 หมด|อายุ:1	train=11
หากิน	11	1	หา|กิน	หา|กิน:10 หากิน:1	train=11
อย่างมาก	11	1	อย่าง|มาก	อย่าง|มาก:10 อย่างมาก:1	train=11
เดี๋ยวนี้นะ	11	1	เดี๋ยวนี้|นะ	เดี๋ยวนี้|นะ:10 เดี๋ยวนี้นะ:1	test=1,train=10
เอางี้	11	1	เอางี้	เอางี้:10 เอา|งี้:1	train=11
เเบบนั้น	11	1	เเบบ|นั้น	เเบบ|นั้น:10 เเบบนั้น:1	train=11
คุณฟลินน์	10	1	คุณ|ฟลินน์	คุณ|ฟลินน์:9 คุณฟลินน์:1	train=10
ตรงกลาง	10	1	ตรงกลาง	ตรงกลาง:9 ตรง|กลาง:1	train=10
ทีละคน	10	1	ทีละ|คน	ทีละ|คน:9 ทีละคน:1	train=10
สามสิบ	10	1	สามสิบ	สามสิบ:9 สาม|สิบ:1	train=10
สาวฟ้าใส	10	1	สาวฟ้าใส	สาวฟ้าใส:9 สาว|ฟ้าใส:1	train=10
หน้าผม	10	1	หน้า|ผม	หน้า|ผม:9 หน้าผม:1	train=9,val=1
เจ้าของบ้าน	10	1	เจ้าของบ้าน	เจ้าของบ้าน:9 เจ้าของ|บ้าน:1	train=10
เจ้าหนู	10	1	เจ้าหนู	เจ้าหนู:9 เจ้า|หนู:1	train=10
เดี๋ยวกู	10	1	เดี๋ยว|กู	เดี๋ยว|กู:9 เดี๋ยวกู:1	train=10
ไฟดับ	10	1	ไฟ|ดับ	ไฟ|ดับ:9 ไฟดับ:1	train=10
กันเอง	9	1	กัน|เอง	กัน|เอง:8 กันเอง:1	train=9
การตาย	9	1	การตาย	การตาย:8 การ|ตาย:1	train=9
กุญแจมือ	9	1	กุญแจมือ	กุญแจมือ:8 กุญแจ|มือ:1	train=9
คนจน	9	1	คนจน	คนจน:8 คน|จน:1	train=9
คุณนายมัก	9	1	คุณนาย|มัก	คุณนาย|มัก:8 คุณนายมัก:1	train=9
จอมปลอม	9	1	จอมปลอม	จอมปลอม:8 จอม|ปลอม:1	train=9
ซักครู่	9	1	ซักครู่	ซักครู่:8 ซัก|ครู่:1	train=9
ตามนี้	9	1	ตาม|นี้	ตาม|นี้:8 ตามนี้:1	train=9
ติดตัว	9	1	ติด|ตัว	ติด|ตัว:8 ติดตัว:1	train=9
นิดหนึ่ง	9	1	นิดหนึ่ง	นิดหนึ่ง:8 นิด|หนึ่ง:1	train=9
มันฝรั่ง	9	1	มันฝรั่ง	มันฝรั่ง:8 มัน|ฝรั่ง:1	train=9
หน้าบ้าน	9	1	หน้า|บ้าน	หน้า|บ้าน:8 หน้าบ้าน:1	train=9
อย่างนั้นแหละ	9	1	อย่างนั้น|แหละ	อย่างนั้น|แหละ:8 อย่างนั้นแหละ:1	train=9
เด็กเวร	9	1	เด็ก|เวร	เด็ก|เวร:8 เด็กเวร:1	train=9
เท่ากัน	9	1	เท่ากัน	เท่ากัน:8 เท่า|กัน:1	train=9
โง่เง่า	9	1	โง่เง่า	โง่เง่า:8 โง่|เง่า:1	train=8,val=1
ใจลอย	9	1	ใจลอย	ใจลอย:8 ใจ|ลอย:1	train=9
ใหญ่โต	9	1	ใหญ่โต	ใหญ่โต:8 ใหญ่|โต:1	train=9
ก็ตามใจ	8	1	ก็|ตามใจ	ก็|ตามใจ:7 ก็ตามใจ:1	train=8
ค่อยยังชั่ว	8	1	ค่อยยังชั่ว	ค่อยยังชั่ว:7 ค่อย|ยังชั่ว:1	test=2,train=6
ค้ายา	8	1	ค้า|ยา	ค้า|ยา:7 ค้ายา:1	train=8
ดิวะ	8	1	ดิ|วะ	ดิ|วะ:7 ดิวะ:1	train=8
ตรงกัน	8	1	ตรงกัน	ตรงกัน:7 ตรง|กัน:1	train=8
ถึงกับ	8	1	ถึงกับ	ถึงกับ:7 ถึง|กับ:1	train=8
บ้าบอ	8	1	บ้าบอ	บ้าบอ:7 บ้า|บอ:1	train=8
ผ่านทาง	8	1	ผ่าน|ทาง	ผ่าน|ทาง:7 ผ่านทาง:1	train=8
มิใช่	8	1	มิ|ใช่	มิ|ใช่:7 มิใช่:1	train=8
ยาเสพติด	8	1	ยาเสพติด	ยาเสพติด:7 ยา|เสพติด:1	train=8
รถติด	8	1	รถ|ติด	รถ|ติด:7 รถติด:1	train=8
หลงรัก	8	1	หลงรัก	หลงรัก:7 หลง|รัก:1	train=8
เป็นมิตร	8	1	เป็น|มิตร	เป็น|มิตร:7 เป็นมิตร:1	train=8
แฟนเก่า	8	1	แฟน|เก่า	แฟน|เก่า:7 แฟนเก่า:1	train=8
ใบขับขี่	8	1	ใบขับขี่	ใบขับขี่:7 ใบ|ขับขี่:1	train=8
กลับคืน	7	1	กลับ|คืน	กลับ|คืน:6 กลับคืน:1	train=7
ก่อเรื่อง	7	1	ก่อ|เรื่อง	ก่อ|เรื่อง:6 ก่อเรื่อง:1	train=7
ของโปรด	7	1	ของโปรด	ของโปรด:6 ของ|โปรด:1	test=1,train=6
ครอบงำ	7	1	ครอบงำ	ครอบงำ:6 ครอบ|งำ:1	train=7
คุณเดอ	7	1	คุณ|เดอ	คุณ|เดอ:6 คุณเดอ:1	train=7
จากนี้ไป	7	1	จากนี้ไป	จากนี้ไป:6 จาก|นี้|ไป:1	train=7
จุดไฟ	7	1	จุด|ไฟ	จุด|ไฟ:6 จุดไฟ:1	train=7
ดีแท้	7	1	ดี|แท้	ดี|แท้:6 ดีแท้:1	train=7
ถึงขั้น	7	1	ถึง|ขั้น	ถึง|ขั้น:6 ถึงขั้น:1	train=7
ถือสา	7	1	ถือสา	ถือสา:6 ถือ|สา:1	train=7
นิสัยดี	7	1	นิสัย|ดี	นิสัย|ดี:6 นิสัยดี:1	train=7
น่าขยะแขยง	7	1	น่าขยะแขยง	น่าขยะแขยง:6 น่า|ขยะแขยง:1	train=7
น่าสนุก	7	1	น่าสนุก	น่าสนุก:6 น่า|สนุก:1	train=7
สถานีตำรวจ	7	1	สถานีตำรวจ	สถานีตำรวจ:6 สถานี|ตำรวจ:1	train=7
สมัยก่อน	7	1	สมัยก่อน	สมัยก่อน:6 สมัย|ก่อน:1	train=7
ส่วนแบ่ง	7	1	ส่วนแบ่ง	ส่วนแบ่ง:6 ส่วน|แบ่ง:1	train=7
หันกลับ	7	1	หัน|กลับ	หัน|กลับ:6 หันกลับ:1	train=7
ห้องขัง	7	1	ห้องขัง	ห้องขัง:6 ห้อง|ขัง:1	train=7
อย่างไรก็ตาม	7	1	อย่างไรก็ตาม	อย่างไรก็ตาม:6 อย่างไร|ก็ตาม:1	train=7
เจ้านะ	7	1	เจ้า|นะ	เจ้า|นะ:6 เจ้านะ:1	train=7
เจ้าน่ะ	7	1	เจ้า|น่ะ	เจ้า|น่ะ:6 เจ้าน่ะ:1	train=7
เจ้าเล่ห์	7	1	เจ้าเล่ห์	เจ้าเล่ห์:6 เจ้า|เล่ห์:1	train=7
เพียงแต่	7	1	เพียงแต่	เพียงแต่:6 เพียง|แต่:1	train=7
เมืองใต้ดิน	7	1	เมืองใต้ดิน	เมืองใต้ดิน:6 เมือง|ใต้ดิน:1	train=7
เมื่อเช้านี้	7	1	เมื่อเช้านี้	เมื่อเช้านี้:6 เมื่อเช้า|นี้:1	train=7
เสียงร้อง	7	1	เสียง|ร้อง	เสียง|ร้อง:6 เสียงร้อง:1	test=1,train=6
โปจี๋หลำ	7	1	โปจี๋หลำ	โปจี๋หลำ:6 โปจี๋|หลำ:1	train=7
ไข้ทรพิษ	7	1	ไข้ทรพิษ	ไข้ทรพิษ:6 ไข้|ทรพิษ:1	train=7
กลับตัว	6	1	กลับตัว	กลับตัว:5 กลับ|ตัว:1	train=6
กลางดึก	6	1	กลางดึก	กลางดึก:5 กลาง|ดึก:1	train=6
การเป็น	6	1	การ|เป็น	การ|เป็น:5 การเป็น:1	train=6
คนเดิน	6	1	คน|เดิน	คน|เดิน:5 คนเดิน:1	train=6
ครั้งก่อน	6	1	ครั้งก่อน	ครั้งก่อน:5 ครั้ง|ก่อน:1	train=6
คลื่นยักษ์	6	1	คลื่นยักษ์	คลื่นยักษ์:5 คลื่น|ยักษ์:1	train=6
คำอธิบาย	6	1	คำอธิบาย	คำอธิบาย:5 คำ|อธิบาย:1	train=6
คุณกู	6	1	คุณกู	คุณกู:5 คุณ|กู:1	train=6
คุณจุง	6	1	คุณจุง	คุณจุง:5 คุณ|จุง:1	train=6
คุณลอง	6	1	คุณ|ลอง	คุณ|ลอง:5 คุณลอง:1	train=6
คุณอวัสตี	6	1	คุณ|อวัสตี	คุณ|อวัสตี:5 คุณอวัสตี:1	train=6
จอห์นนี่	6	1	จอห์นนี่	จอห์นนี่:5 จอห์น|นี่:1	train=6
จับตา	6	1	จับตา	จับตา:5 จับ|ตา:1	train=6
ดวงซวย	6	1	ดวงซวย	ดวงซวย:5 ดวง|ซวย:1	train=6
ถ่ายทำ	6	1	ถ่ายทำ	ถ่ายทำ:5 ถ่าย|ทำ:1	train=6
ทั่วโลก	6	1	ทั่ว|โลก	ทั่ว|โลก:5 ทั่วโลก:1	train=6
ที่เกิดเหตุ	6	1	ที่|เกิด|เหตุ	ที่|เกิด|เหตุ:5 ที่เกิดเหตุ:1	train=6
ทุกปี	6	1	ทุก|ปี	ทุก|ปี:5 ทุกปี:1	train=6
ท่านประธาน	6	1	ท่าน|ประธาน	ท่าน|ประธาน:5 ท่านประธาน:1	train=6
นิ้วมือ	6	1	นิ้วมือ	นิ้วมือ:5 นิ้ว|มือ:1	train=6
ผู้อื่น	6	1	ผู้อื่น	ผู้อื่น:5 ผู้|อื่น:1	train=6
ภาษากรีก	6	1	ภาษา|กรีก	ภาษา|กรีก:5 ภาษากรีก:1	train=6
มัจจุราชขาว	6	1	มัจจุราช|ขาว	มัจจุราช|ขาว:5 มัจจุราชขาว:1	train=6
วันอื่น	6	1	วัน|อื่น	วัน|อื่น:5 วันอื่น:1	train=6
สั่งเสีย	6	1	สั่งเสีย	สั่งเสีย:5 สั่ง|เสีย:1	train=6
สิบเอ็ด	6	1	สิบเอ็ด	สิบเอ็ด:5 สิบ|เอ็ด:1	train=6
ส่วนหนึ่ง	6	1	ส่วนหนึ่ง	ส่วนหนึ่ง:5 ส่วน|หนึ่ง:1	train=6
เข้าเรื่อง	6	1	เข้า|เรื่อง	เข้า|เรื่อง:5 เข้าเรื่อง:1	train=6
เครื่องบินรบ	6	1	เครื่องบินรบ	เครื่องบินรบ:5 เครื่องบิน|รบ:1	train=6
เท่านั้นแหละ	6	1	เท่านั้นแหละ	เท่านั้นแหละ:5 เท่านั้น|แหละ:1	train=6
เมียมึง	6	1	เมีย|มึง	เมีย|มึง:5 เมียมึง:1	train=6
แต่แรก	6	1	แต่แรก	แต่แรก:5 แต่|แรก:1	train=6
แผลเป็น	6	1	แผลเป็น	แผลเป็น:5 แผล|เป็น:1	train=5,val=1
แสงอาทิตย์	6	1	แสงอาทิตย์	แสงอาทิตย์:5 แสง|อาทิตย์:1	train=6
โล่งอก	6	1	โล่งอก	โล่งอก:5 โล่ง|อก:1	train=6
ใจกว้าง	6	1	ใจกว้าง	ใจกว้าง:5 ใจ|กว้าง:1	train=6
ใจจริง	6	1	ใจจริง	ใจจริง:5 ใจ|จริง:1	train=6
ไข่มุกสวรรค์	6	1	ไข่มุก|สวรรค์	ไข่มุก|สวรรค์:5 ไข่มุกสวรรค์:1	train=6
กลับหัว	5	1	กลับหัว	กลับหัว:4 กลับ|หัว:1	train=5
กลายร่าง	5	1	กลาย|ร่าง	กลาย|ร่าง:4 กลายร่าง:1	train=5
การเลือก	5	1	การ|เลือก	การ|เลือก:4 การเลือก:1	test=1,train=4
การแต่งงาน	5	1	การแต่งงาน	การแต่งงาน:4 การ|แต่งงาน:1	train=5
กูกู่	5	1	กูกู่	กูกู่:4 กู|กู่:1	train=5
ก็นะ	5	1	ก็|นะ	ก็|นะ:4 ก็นะ:1	train=5
คนรับ	5	1	คน|รับ	คน|รับ:4 คนรับ:1	train=5
คนเขียน	5	1	คน|เขียน	คน|เขียน:4 คนเขียน:1	train=5
คนเหนือ	5	1	คนเหนือ	คนเหนือ:4 คน|เหนือ:1	train=5
ครั้งหน้า	5	1	ครั้งหน้า	ครั้งหน้า:4 ครั้ง|หน้า:1	train=5
ครั้งใหญ่	5	1	ครั้ง|ใหญ่	ครั้ง|ใหญ่:4 ครั้งใหญ่:1	train=5
งานเขียน	5	1	งานเขียน	งานเขียน:4 งาน|เขียน:1	train=5
จงใจ	5	1	จงใจ	จงใจ:4 จง|ใจ:1	train=4,val=1
ช้าก่อน	5	1	ช้าก่อน	ช้าก่อน:4 ช้า|ก่อน:1	train=5
ซิญญอร่ามาเลน่า	5	1	ซิญญอร่ามาเลน่า	ซิญญอร่ามาเลน่า:4 ซิญญอร่า|มาเลน่า:1	train=5
ซินะ	5	1	ซินะ	ซินะ:4 ซิ|นะ:1	train=5
ดูดวง	5	1	ดู|ดวง	ดู|ดวง:4 ดูดวง:1	train=5
ตั้งท้อง	5	1	ตั้ง|ท้อง	ตั้ง|ท้อง:4 ตั้งท้อง:1	train=5
ตั้งหลาย	5	1	ตั้งหลาย	ตั้งหลาย:4 ตั้ง|หลาย:1	train=5
ตาหลับ	5	1	ตา|หลับ	ตา|หลับ:4 ตาหลับ:1	train=5
ตีห้า	5	1	ตีห้า	ตีห้า:4 ตี|ห้า:1	train=5
ทันเวลา	5	1	ทัน|เวลา	ทัน|เวลา:4 ทันเวลา:1	train=5
ทั้งสาม	5	1	ทั้ง|สาม	ทั้ง|สาม:4 ทั้งสาม:1	train=5
ที่มืด	5	1	ที่|มืด	ที่|มืด:4 ที่มืด:1	train=5
น่าสงสัย	5	1	น่าสงสัย	น่าสงสัย:4 น่า|สงสัย:1	train=5
บ้านหนองประดู่	5	1	บ้าน|หนองประดู่	บ้าน|หนองประดู่:4 บ้านหนองประดู่:1	train=5
ผีหลอก	5	1	ผี|หลอก	ผี|หลอก:4 ผีหลอก:1	train=5
ผ่านพ้น	5	1	ผ่าน|พ้น	ผ่าน|พ้น:4 ผ่านพ้น:1	train=5
พี่ยอร์จ	5	1	พี่|ยอร์จ	พี่|ยอร์จ:4 พี่ยอร์จ:1	train=5
ภาษาสเปน	5	1	ภาษา|สเปน	ภาษา|สเปน:4 ภาษาสเปน:1	train=5
ยายจอมพลัง	5	1	ยายจอมพลัง	ยายจอมพลัง:4 ยาย|จอมพลัง:1	train=5
รอดพ้น	5	1	รอดพ้น	รอดพ้น:4 รอด|พ้น:1	train=5
วิธีการ	5	1	วิธี|การ	วิธี|การ:4 วิธีการ:1	train=5
ว่างัย	5	1	ว่างัย	ว่างัย:4 ว่า|งัย:1	train=5
สองเด้ง	5	1	สอง|เด้ง	สอง|เด้ง:4 สองเด้ง:1	train=5
สายไหม	5	1	สายไหม	สายไหม:4 สาย|ไหม:1	train=5
สีส้ม	5	1	สี|ส้ม	สี|ส้ม:4 สีส้ม:1	train=5
ส้นตีน	5	1	ส้น|ตีน	ส้น|ตีน:4 ส้นตีน:1	train=5
หน้าร้อน	5	1	หน้าร้อน	หน้าร้อน:4 หน้า|ร้อน:1	train=5
หลุมหลบภัย	5	1	หลุมหลบภัย	หลุมหลบภัย:4 หลุม|หลบภัย:1	train=5
หัวบวม	5	1	หัว|บวม	หัว|บวม:4 หัวบวม:1	train=5
ห้องแต่งตัว	5	1	ห้อง|แต่ง|ตัว	ห้อง|แต่ง|ตัว:4 ห้องแต่งตัว:1	train=5
ห้ามเลือด	5	1	ห้าม|เลือด	ห้าม|เลือด:4 ห้ามเลือด:1	test=1,train=4
อาการหนัก	5	1	อาการ|หนัก	อาการ|หนัก:4 อาการหนัก:1	train=5
เข้าตา	5	1	เข้าตา	เข้าตา:4 เข้า|ตา:1	train=5
เข้าสู่	5	1	เข้า|สู่	เข้า|สู่:4 เข้าสู่:1	train=5
เต็มตา	5	1	เต็มตา	เต็มตา:4 เต็ม|ตา:1	train=5
เปียกโชก	5	1	เปียกโชก	เปียกโชก:4 เปียก|โชก:1	train=5
เป็นแน่	5	1	เป็นแน่	เป็นแน่:4 เป็น|แน่:1	train=5
เมายา	5	1	เมา|ยา	เมา|ยา:4 เมายา:1	train=5
เวรตะไล	5	1	เวร|ตะไล	เวร|ตะไล:4 เวรตะไล:1	train=5
เอาเรื่อง	5	1	เอาเรื่อง	เอาเรื่อง:4 เอา|เรื่อง:1	test=1,train=4
เอาไหน	5	1	เอา|ไหน	เอา|ไหน:4 เอาไหน:1	train=5
แก่ตัว	5	1	แก่|ตัว	แก่|ตัว:4 แก่ตัว:1	train=5
แค่นิดเดียว	5	1	แค่|นิดเดียว	แค่|นิดเดียว:4 แค่นิดเดียว:1	train=5
แม่หนูน้อย	5	1	แม่|หนูน้อย	แม่|หนูน้อย:4 แม่หนูน้อย:1	train=5
แสนดี	5	1	แสน|ดี	แสน|ดี:4 แสนดี:1	train=5
แหกตา	5	1	แหกตา	แหกตา:4 แหก|ตา:1	train=5
โดยเร็ว	5	1	โดย|เร็ว	โดย|เร็ว:4 โดยเร็ว:1	test=1,train=4
ใครก็ตาม	5	1	ใครก็ตาม	ใครก็ตาม:4 ใคร|ก็|ตาม:1	train=5
ใช้งาน	5	1	ใช้|งาน	ใช้|งาน:4 ใช้งาน:1	train=5
ไอ้ยอร์จ	5	1	ไอ้|ยอร์จ	ไอ้|ยอร์จ:4 ไอ้ยอร์จ:1	train=5
กระเป๋าตังค์	4	1	กระเป๋า|ตังค์	กระเป๋า|ตังค์:3 กระเป๋าตังค์:1	train=4
การจุดระเบิด	4	1	การจุดระเบิด	การจุดระเบิด:3 การ|จุดระเบิด:1	train=4
การทำงาน	4	1	การ|ทำ|งาน	การ|ทำ|งาน:3 การทำงาน:1	train=4
การปฏิวัติ	4	1	การ|ปฏิวัติ	การ|ปฏิวัติ:3 การปฏิวัติ:1	train=4
การใช้ชีวิต	4	1	การ|ใช้|ชีวิต	การ|ใช้|ชีวิต:3 การใช้ชีวิต:1	train=4
กำลังดี	4	1	กำลัง|ดี	กำลัง|ดี:3 กำลังดี:1	train=4
กูสโต	4	1	กูสโต	กูสโต:3 กู|สโต:1	train=4
ขับขาน	4	1	ขับขาน	ขับขาน:3 ขับ|ขาน:1	train=3,val=1
ข้างไหน	4	1	ข้าง|ไหน	ข้าง|ไหน:3 ข้างไหน:1	train=4
คนป่วย	4	1	คนป่วย	คนป่วย:3 คน|ป่วย:1	train=4
คนหนุ่ม	4	1	คน|หนุ่ม	คน|หนุ่ม:3 คนหนุ่ม:1	train=4
ครึ่งหนึ่ง	4	1	ครึ่ง|หนึ่ง	ครึ่ง|หนึ่ง:3 ครึ่งหนึ่ง:1	train=4
คล้ายกัน	4	1	คล้าย|กัน	คล้าย|กัน:3 คล้ายกัน:1	train=4
คาหนังคาเขา	4	1	คาหนังคาเขา	คาหนังคาเขา:3 คา|หนัง|คา|เขา:1	train=4
คืนดี	4	1	คืนดี	คืนดี:3 คืน|ดี:1	train=4
คุณซาวิค	4	1	คุณ|ซาวิค	คุณ|ซาวิค:3 คุณซาวิค:1	train=4
คุณโห่	4	1	คุณ|โห่	คุณ|โห่:3 คุณโห่:1	train=4
จนมุม	4	1	จน|มุม	จน|มุม:3 จนมุม:1	train=4
ชายแก่	4	1	ชาย|แก่	ชาย|แก่:3 ชายแก่:1	train=4
ช่วงหลัง	4	1	ช่วง|หลัง	ช่วง|หลัง:3 ช่วงหลัง:1	train=4
ซิวะ	4	1	ซิวะ	ซิวะ:3 ซิ|วะ:1	train=4
ดาวตก	4	1	ดาวตก	ดาวตก:3 ดาว|ตก:1	train=4
ดูบลิน	4	1	ดูบลิน	ดูบลิน:3 ดู|บลิน:1	train=4
ดูล่ะ	4	1	ดู|ล่ะ	ดู|ล่ะ:3 ดูล่ะ:1	train=4
ดูโด้	4	1	ดู|โด้	ดู|โด้:3 ดูโด้:1	train=4
ตัดขาด	4	1	ตัดขาด	ตัดขาด:3 ตัด|ขาด:1	train=4
ตัวฉกาจ	4	1	ตัวฉกาจ	ตัวฉกาจ:3 ตัว|ฉกาจ:1	train=4
ตัวอักษร	4	1	ตัวอักษร	ตัวอักษร:3 ตัว|อักษร:1	train=4
ตาเฒ่า	4	1	ตา|เฒ่า	ตา|เฒ่า:3 ตาเฒ่า:1	train=4
ตูดหมึก	4	1	ตูด|หมึก	ตูด|หมึก:3 ตูดหมึก:1	train=4
ต้องห้าม	4	1	ต้อง|ห้าม	ต้อง|ห้าม:3 ต้องห้าม:1	train=4
ทั่วทั้ง	4	1	ทั่ว|ทั้ง	ทั่ว|ทั้ง:3 ทั่วทั้ง:1	train=4
ที่กำบัง	4	1	ที่|กำบัง	ที่|กำบัง:3 ที่กำบัง:1	test=1,train=3
ที่ซึ่ง	4	1	ที่ซึ่ง	ที่ซึ่ง:3 ที่|ซึ่ง:1	train=4
ทูโค	4	1	ทูโค	ทูโค:3 ทู|โค:1	train=4
ท่านฮากุ	4	1	ท่าน|ฮากุ	ท่าน|ฮากุ:3 ท่านฮากุ:1	train=4
นำพา	4	1	นำพา	นำพา:3 นำ|พา:1	train=4
น่ารังเกียจ	4	1	น่ารังเกียจ	น่ารังเกียจ:3 น่า|รังเกียจ:1	train=4
น้ำอมฤต	4	1	น้ำอมฤต	น้ำอมฤต:3 น้ำ|อมฤต:1	train=4
ปรากฏตัว	4	1	ปรากฏตัว	ปรากฏตัว:3 ปรากฏ|ตัว:1	train=4
ผู้น้อย	4	1	ผู้น้อย	ผู้น้อย:3 ผู้|น้อย:1	train=4
ผู้มีพระคุณ	4	1	ผู้|มี|พระคุณ	ผู้|มี|พระคุณ:3 ผู้มีพระคุณ:1	train=4
พลอดรัก	4	1	พลอดรัก	พลอดรัก:3 พลอด|รัก:1	train=3,val=1
พลังมาร	4	1	พลัง|มาร	พลัง|มาร:3 พลังมาร:1	train=4
พังพินาศ	4	1	พังพินาศ	พังพินาศ:3 พัง|พินาศ:1	train=4
พี่เหม่ง	4	1	พี่เหม่ง	พี่เหม่ง:3 พี่|เหม่ง:1	train=4
ภาษาไทย	4	1	ภาษา|ไทย	ภาษา|ไทย:3 ภาษาไทย:1	train=4
มันนี่	4	1	มัน|นี่	มัน|นี่:3 มันนี่:1	test=1,train=3
มากสุด	4	1	มาก|สุด	มาก|สุด:3 มากสุด:1	train=4
ยอดเขา	4	1	ยอดเขา	ยอดเขา:3 ยอด|เขา:1	train=4
ยาแก้พิษ	4	1	ยาแก้พิษ	ยาแก้พิษ:3 ยา|แก้|พิษ:1	train=4
ระหว่างนั้น	4	1	ระหว่างนั้น	ระหว่างนั้น:3 ระหว่าง|นั้น:1	train=4
รับเลือก	4	1	รับเลือก	รับเลือก:3 รับ|เลือก:1	train=3,val=1
รีรอ	4	1	รีรอ	รีรอ:3 รี|รอ:1	train=4
ร่วมเพศ	4	1	ร่วมเพศ	ร่วมเพศ:3 ร่วม|เพศ:1	train=4
ลงจอด	4	1	ลงจอด	ลงจอด:3 ลง|จอด:1	train=4
ลำเดียว	4	1	ลำ|เดียว	ลำ|เดียว:3 ลำเดียว:1	train=4
ลูกเมีย	4	1	ลูกเมีย	ลูกเมีย:3 ลูก|เมีย:1	train=4
ล้นเหลือ	4	1	ล้นเหลือ	ล้นเหลือ:3 ล้น|เหลือ:1	train=4
วันตรุษจีน	4	1	วัน|ตรุษจีน	วัน|ตรุษจีน:3 วันตรุษจีน:1	test=1,train=3
วันตาย	4	1	วัน|ตาย	วัน|ตาย:3 วันตาย:1	train=4
สติดี	4	1	สติดี	สติดี:3 สติ|ดี:1	train=4
สักเดี๋ยว	4	1	สักเดี๋ยว	สักเดี๋ยว:3 สัก|เดี๋ยว:1	train=4
สัญญาณเตือน	4	1	สัญญาณ|เตือน	สัญญาณ|เตือน:3 สัญญาณเตือน:1	train=4
สีผม	4	1	สีผม	สีผม:3 สี|ผม:1	train=4
หกล้ม	4	1	หกล้ม	หกล้ม:3 หก|ล้ม:1	train=4
หนนี้	4	1	หนนี้	หนนี้:3 หน|นี้:1	train=4
หมูตอน	4	1	หมู|ตอน	หมู|ตอน:3 หมูตอน:1	train=4
หัวใจสลาย	4	1	หัวใจสลาย	หัวใจสลาย:3 หัวใจ|สลาย:1	train=4
หามี	4	1	หามี	หามี:3 หา|มี:1	test=1,train=3
หายห่วง	4	1	หายห่วง	หายห่วง:3 หาย|ห่วง:1	train=4
องค์ราชันย์	4	1	องค์ราชันย์	องค์ราชันย์:3 องค์|ราชันย์:1	train=4
อย่าน่า	4	1	อย่า|น่า	อย่า|น่า:3 อย่าน่า:1	train=4
ออกตัว	4	1	ออกตัว	ออกตัว:3 ออก|ตัว:1	train=4
อากิ	4	1	อากิ	อากิ:3 อา|กิ:1	train=4
เก็บตัว	4	1	เก็บตัว	เก็บตัว:3 เก็บ|ตัว:1	train=4
เงินเก็บ	4	1	เงิน|เก็บ	เงิน|เก็บ:3 เงินเก็บ:1	train=4
เตรียมการ	4	1	เตรียมการ	เตรียมการ:3 เตรียม|การ:1	train=4
เบียร์ตอน	4	1	เบียร์|ตอน	เบียร์|ตอน:3 เบียร์ตอน:1	train=4
เล่นลิ้น	4	1	เล่นลิ้น	เล่นลิ้น:3 เล่น|ลิ้น:1	train=4
เสมอกัน	4	1	เสมอ|กัน	เสมอ|กัน:3 เสมอกัน:1	train=4
เสียงหัวเราะ	4	1	เสียง|หัวเราะ	เสียง|หัวเราะ:3 เสียงหัวเราะ:1	train=4
เสียมารยาท	4	1	เสีย|มารยาท	เสีย|มารยาท:3 เสียมารยาท:1	train=4
เสียหน่อย	4	1	เสียหน่อย	เสียหน่อย:3 เสีย|หน่อย:1	train=4
เอางั้น	4	1	เอางั้น	เอางั้น:3 เอา|งั้น:1	train=4
เอาซะ	4	1	เอา|ซะ	เอา|ซะ:3 เอาซะ:1	train=4
แท่นโดด	4	1	แท่น|โดด	แท่น|โดด:3 แท่นโดด:1	train=4
แรงระเบิด	4	1	แรงระเบิด	แรงระเบิด:3 แรง|ระเบิด:1	train=4
แหงแซะ	4	1	แหง|แซะ	แหง|แซะ:3 แหงแซะ:1	train=4
โอยตาย	4	1	โอย|ตาย	โอย|ตาย:3 โอยตาย:1	train=4
ใส่นาย	4	1	ใส่|นาย	ใส่|นาย:3 ใส่นาย:1	train=4
ไวน์แดง	4	1	ไวน์|แดง	ไวน์|แดง:3 ไวน์แดง:1	train=4
กรุ๊ปบีบวก	3	1	กรุ๊ปบีบวก	กรุ๊ปบีบวก:2 กรุ๊ป|บีบวก:1	train=3
กลับตาลปัตร	3	1	กลับตาลปัตร	กลับตาลปัตร:2 กลับ|ตาลปัตร:1	train=3
กวนตีน	3	1	กวนตีน	กวนตีน:2 กวน|ตีน:1	train=3
กวีเอก	3	1	กวี|เอก	กวี|เอก:2 กวีเอก:1	train=3
กางเขน	3	1	กางเขน	กางเขน:2 กาง|เขน:1	train=3
การกลับมา	3	1	การ|กลับ|มา	การ|กลับ|มา:2 การกลับมา:1	train=3
การนอน	3	1	การนอน	การนอน:2 การ|นอน:1	train=3
การสนับสนุน	3	1	การ|สนับสนุน	การ|สนับสนุน:2 การสนับสนุน:1	train=3
การเริ่มต้น	3	1	การ|เริ่มต้น	การ|เริ่มต้น:2 การเริ่มต้น:1	train=3
การเล่น	3	1	การ|เล่น	การ|เล่น:2 การเล่น:1	train=3
การเสียสละ	3	1	การเสียสละ	การเสียสละ:2 การ|เสียสละ:1	train=3
การแปรรูป	3	1	การ|แปรรูป	การ|แปรรูป:2 การแปรรูป:1	train=3
การโกหก	3	1	การโกหก	การโกหก:2 การ|โกหก:1	train=3
การให้	3	1	การ|ให้	การ|ให้:2 การให้:1	train=3
กำหนดเวลา	3	1	กำหนดเวลา	กำหนดเวลา:2 กำหนด|เวลา:1	train=3
กุ้งมังกร	3	1	กุ้งมังกร	กุ้งมังกร:2 กุ้ง|มังกร:1	train=3
ก็อด	3	1	ก็|อด	ก็|อด:2 ก็อด:1	train=3
ของาน	3	1	ขอ|งาน	ขอ|งาน:2 ของาน:1	train=3
ของเก๊	3	1	ของ|เก๊	ของ|เก๊:2 ของเก๊:1	train=3
ขากลับ	3	1	ขากลับ	ขากลับ:2 ขา|กลับ:1	train=3
ข่าวด่วน	3	1	ข่าวด่วน	ข่าวด่วน:2 ข่าว|ด่วน:1	train=3
ข้าวกลางวัน	3	1	ข้าว|กลางวัน	ข้าว|กลางวัน:2 ข้าวกลางวัน:1	train=3
คนจริง	3	1	คน|จริง	คน|จริง:2 คนจริง:1	train=3
คนบาป	3	1	คน|บาป	คน|บาป:2 คนบาป:1	train=3
คนโบราณ	3	1	คน|โบราณ	คน|โบราณ:2 คนโบราณ:1	train=3
คนใหญ่คนโต	3	1	คน|ใหญ่|คน|โต	คน|ใหญ่|คน|โต:2 คนใหญ่คนโต:1	train=3
ครบรอบ	3	1	ครบรอบ	ครบรอบ:2 ครบ|รอบ:1	train=3
ครูพี่ลิน	3	1	ครูพี่ลิน	ครูพี่ลิน:2 ครู|พี่ลิน:1	train=3
คลายเครียด	3	1	คลายเครียด	คลายเครียด:2 คลาย|เครียด:1	train=3
คลิปเสียง	3	1	คลิป|เสียง	คลิป|เสียง:2 คลิปเสียง:1	train=3
คอกม้า	3	1	คอก|ม้า	คอก|ม้า:2 คอกม้า:1	train=3
คับใจ	3	1	คับ|ใจ	คับ|ใจ:2 คับใจ:1	train=2,val=1
คำกล่าว	3	1	คำกล่าว	คำกล่าว:2 คำ|กล่าว:1	train=3
คำขอแต่งงาน	3	1	คำขอแต่งงาน	คำขอแต่งงาน:2 คำขอ|แต่งงาน:1	train=3
คุณฉั่น	3	1	คุณ|ฉั่น	คุณ|ฉั่น:2 คุณฉั่น:1	train=3
คุณนายเซา	3	1	คุณนายเซา	คุณนายเซา:2 คุณนาย|เซา:1	train=3
คุณนาโฮโกะ	3	1	คุณ|นาโฮโกะ	คุณ|นาโฮโกะ:2 คุณนาโฮโกะ:1	train=3
คุณเกา	3	1	คุณเกา	คุณเกา:2 คุณ|เกา:1	train=3
คุณเดอร์เดน	3	1	คุณ|เดอร์เดน	คุณ|เดอร์เดน:2 คุณเดอร์เดน:1	train=3
ค่าพาย	3	1	ค่า|พาย	ค่า|พาย:2 ค่าพาย:1	train=3
ค่าเดินทาง	3	1	ค่าเดินทาง	ค่าเดินทาง:2 ค่า|เดินทาง:1	train=3
งานแต่ง	3	1	งาน|แต่ง	งาน|แต่ง:2 งานแต่ง:1	train=3
งูยักษ์	3	1	งู|ยักษ์	งู|ยักษ์:2 งูยักษ์:1	train=3
จอกศักดิ์สิทธิ์	3	1	จอก|ศักดิ์สิทธิ์	จอก|ศักดิ์สิทธิ์:2 จอกศักดิ์สิทธิ์:1	train=3
จะะ	3	1	จะะ	จะะ:2 จะ|ะ:1	train=3
จุดอวสาน	3	1	จุดอวสาน	จุดอวสาน:2 จุด|อวสาน:1	train=3
ชาวต่างชาติ	3	1	ชาวต่างชาติ	ชาวต่างชาติ:2 ชาว|ต่างชาติ:1	train=3
ซานเหอถุน	3	1	ซานเหอถุน	ซานเหอถุน:2 ซานเหอ|ถุน:1	train=3
ดอกซากุระ	3	1	ดอก|ซากุระ	ดอก|ซากุระ:2 ดอกซากุระ:1	train=3
ดั่งเช่น	3	1	ดั่งเช่น	ดั่งเช่น:2 ดั่ง|เช่น:1	train=3
ดินสอนี้	3	1	ดิน|สอนี้	ดิน|สอนี้:2 ดินสอนี้:1	train=3
ตบตา	3	1	ตบ|ตา	ตบ|ตา:2 ตบตา:1	train=3
ตัวประหลาด	3	1	ตัว|ประหลาด	ตัว|ประหลาด:2 ตัวประหลาด:1	train=3
ตามปกติ	3	1	ตามปกติ	ตามปกติ:2 ตาม|ปกติ:1	train=3
ตาแดง	3	1	ตา|แดง	ตา|แดง:2 ตาแดง:1	train=3
ตำลึงทอง	3	1	ตำลึง|ทอง	ตำลึง|ทอง:2 ตำลึงทอง:1	train=3
ติดสินบน	3	1	ติดสินบน	ติดสินบน:2 ติด|สินบน:1	train=3
ติดไฟ	3	1	ติด|ไฟ	ติด|ไฟ:2 ติดไฟ:1	train=3
ตีลังกา	3	1	ตีลังกา	ตีลังกา:2 ตี|ลังกา:1	train=3
ต่างด้าว	3	1	ต่างด้าว	ต่างด้าว:2 ต่างด้า|ว:1	train=3
ถังน้ำท่วม	3	1	ถัง|น้ำ|ท่วม	ถัง|น้ำ|ท่วม:2 ถังน้ำท่วม:1	train=3
ทั่วนะ	3	1	ทั่ว|นะ	ทั่ว|นะ:2 ทั่วนะ:1	train=3
ทางด้านหลัง	3	1	ทาง|ด้านหลัง	ทาง|ด้านหลัง:2 ทางด้านหลัง:1	train=3
ทิศเหนือ	3	1	ทิศเหนือ	ทิศเหนือ:2 ทิศ|เหนือ:1	train=3
ทีละนิด	3	1	ทีละ|นิด	ทีละ|นิด:2 ทีละนิด:1	train=3
ที่นับถือ	3	1	ที่นับถือ	ที่นับถือ:2 ที่|นับถือ:1	train=3
ที่ยืน	3	1	ที่|ยืน	ที่|ยืน:2 ที่ยืน:1	train=3
ที่เดียวกัน	3	1	ที่เดียวกัน	ที่เดียวกัน:2 ที่|เดียวกัน:1	train=3
ท่านพัก	3	1	ท่าน|พัก	ท่าน|พัก:2 ท่านพัก:1	train=3
ท่านเทพ	3	1	ท่าน|เทพ	ท่าน|เทพ:2 ท่านเทพ:1	train=3
ท้ายเรือ	3	1	ท้ายเรือ	ท้ายเรือ:2 ท้าย|เรือ:1	train=3
นักเชิดหุ่น	3	1	นัก|เชิด|หุ่น	นัก|เชิด|หุ่น:2 นักเชิดหุ่น:1	train=3
นับว่า	3	1	นับ|ว่า	นับ|ว่า:2 นับว่า:1	train=3
นั่นซิ	3	1	นั่นซิ	นั่นซิ:2 นั่น|ซิ:1	train=3
นายแบบ	3	1	นายแบบ	นายแบบ:2 นาย|แบบ:1	train=3
น่าเลย	3	1	น่า|เลย	น่า|เลย:2 น่าเลย:1	train=3
น่าโมโห	3	1	น่า|โมโห	น่า|โมโห:2 น่าโมโห:1	train=3
น้ำตาไหล	3	1	น้ำตา|ไหล	น้ำตา|ไหล:2 น้ำตาไหล:1	train=3
บอกใบ้	3	1	บอก|ใบ้	บอก|ใบ้:2 บอกใบ้:1	train=3
ประตูดำ	3	1	ประตู|ดำ	ประตู|ดำ:2 ประตูดำ:1	train=3
ประตูหลัง	3	1	ประตู|หลัง	ประตู|หลัง:2 ประตูหลัง:1	train=3
ปลาหมอ	3	1	ปลา|หมอ	ปลา|หมอ:2 ปลาหมอ:1	train=3
ปองโย่ล่ะ	3	1	ปองโย่|ล่ะ	ปองโย่|ล่ะ:2 ปองโย่ล่ะ:1	train=3
ปั๊มหลัก	3	1	ปั๊ม|หลัก	ปั๊ม|หลัก:2 ปั๊มหลัก:1	train=3
ปากเสีย	3	1	ปากเสีย	ปากเสีย:2 ปาก|เสีย:1	train=3
ปิดเทอม	3	1	ปิด|เทอม	ปิด|เทอม:2 ปิดเทอม:1	train=3
ปูทาง	3	1	ปูทาง	ปูทาง:2 ปู|ทาง:1	train=3
ป่าแฟงกอร์น	3	1	ป่า|แฟงกอร์น	ป่า|แฟงกอร์น:2 ป่าแฟงกอร์น:1	train=3
ป้ายหน้า	3	1	ป้าย|หน้า	ป้าย|หน้า:2 ป้ายหน้า:1	train=3
ผีดิบ	3	1	ผีดิบ	ผีดิบ:2 ผี|ดิบ:1	train=3
ผู้ตี	3	1	ผู้ตี	ผู้ตี:2 ผู้|ตี:1	train=3
ผู้มีเกียรติ	3	1	ผู้มีเกียรติ	ผู้มีเกียรติ:2 ผู้|มี|เกียรติ:1	test=1,train=2
พระผู้เป็นเจ้า	3	1	พระผู้เป็นเจ้า	พระผู้เป็นเจ้า:2 พระ|ผู้|เป็น|เจ้า:1	train=3
พวกหล่อน	3	1	พวกหล่อน	พวกหล่อน:2 พวก|หล่อน:1	train=3
พักรบ	3	1	พัก|รบ	พัก|รบ:2 พักรบ:1	train=3
พี่ต้าดี	3	1	พี่ต้าดี	พี่ต้าดี:2 พี่ต้า|ดี:1	train=3
พี่หมึก	3	1	พี่|หมึก	พี่|หมึก:2 พี่หมึก:1	train=3
ฟ้าใส	3	1	ฟ้าใส	ฟ้าใส:2 ฟ้า|ใส:1	train=3
ภูเขาเคลื่อนที่	3	1	ภูเขาเคลื่อนที่	ภูเขาเคลื่อนที่:2 ภูเขา|เคลื่อนที่:1	train=3
มองข้าม	3	1	มองข้าม	มองข้าม:2 มอง|ข้าม:1	train=3
มังกรทะเล	3	1	มังกรทะเล	มังกรทะเล:2 มังกร|ทะเล:1	train=3
มันชกินแลนด์	3	1	มันชกินแลนด์	มันชกินแลนด์:2 มัน|ชกินแลนด์:1	train=3
มันดาวา	3	1	มัน|ดาวา	มัน|ดาวา:2 มันดาวา:1	train=3
มั่วซั่ว	3	1	มั่วซั่ว	มั่วซั่ว:2 มั่ว|ซั่ว:1	train=3
มากวน	3	1	มากวน	มากวน:2 มา|กวน:1	train=3
มากว่า	3	1	มากว่า	มากว่า:2 มาก|ว่า:1	train=3
มารี	3	1	มารี	มารี:2 มา|รี:1	train=3
มาสปอนส์	3	1	มาสปอนส์	มาสปอนส์:2 มา|สปอนส์:1	train=3
มาไง	3	1	มา|ไง	มา|ไง:2 มาไง:1	train=3
มือขวา	3	1	มือ|ขวา	มือ|ขวา:2 มือขวา:1	train=3
มือสอง	3	1	มือ|สอง	มือ|สอง:2 มือสอง:1	train=3
มือเดียว	3	1	มือเดียว	มือเดียว:2 มือ|เดียว:1	train=3
มุ่งตรง	3	1	มุ่ง|ตรง	มุ่ง|ตรง:2 มุ่งตรง:1	train=3
ยาด้วย	3	1	ยาด้วย	ยาด้วย:2 ยา|ด้วย:1	train=3
ยามร้าย	3	1	ยาม|ร้าย	ยาม|ร้าย:2 ยามร้าย:1	train=3
ยาวิเศษ	3	1	ยาวิเศษ	ยาวิเศษ:2 ยา|วิเศษ:1	train=3
ยิ่งกว่านั้น	3	1	ยิ่งกว่านั้น	ยิ่งกว่านั้น:2 ยิ่งกว่า|นั้น:1	train=2,val=1
ย่อมได้	3	1	ย่อมได้	ย่อมได้:2 ย่อม|ได้:1	test=1,train=2
รถไฟฟ้า	3	1	รถไฟฟ้า	รถไฟฟ้า:2 รถไฟ|ฟ้า:1	train=3
รวมหัว	3	1	รวมหัว	รวมหัว:2 รวม|หัว:1	train=3
รสจัด	3	1	รสจัด	รสจัด:2 รส|จัด:1	train=3
รหัสแดง	3	1	รหัส|แดง	รหัส|แดง:2 รหัสแดง:1	train=3
ริมฝั่ง	3	1	ริมฝั่ง	ริมฝั่ง:2 ริม|ฝั่ง:1	train=3
รุ่นเก่า	3	1	รุ่นเก่า	รุ่นเก่า:2 รุ่น|เก่า:1	train=3
ร้อยเอกเค	3	1	ร้อยเอก|เค	ร้อยเอก|เค:2 ร้อยเอกเค:1	train=3
ร้านซักรีด	3	1	ร้านซักรีด	ร้านซักรีด:2 ร้าน|ซักรีด:1	train=3
ร้านเสริมสวย	3	1	ร้าน|เสริมสวย	ร้าน|เสริมสวย:2 ร้านเสริมสวย:1	train=3
ลุกฮือ	3	1	ลุกฮือ	ลุกฮือ:2 ลุก|ฮือ:1	train=3
ลูกบุญธรรม	3	1	ลูก|บุญธรรม	ลูก|บุญธรรม:2 ลูกบุญธรรม:1	train=3
วันครบรอบ	3	1	วันครบรอบ	วันครบรอบ:2 วัน|ครบรอบ:1	train=2,val=1
วางตัว	3	1	วางตัว	วางตัว:2 วาง|ตัว:1	train=3
สงครามกลางเมือง	3	1	สงคราม|กลางเมือง	สงคราม|กลางเมือง:2 สงครามกลางเมือง:1	train=3
สดใหม่	3	1	สด|ใหม่	สด|ใหม่:2 สดใหม่:1	train=3
สลัดอากาศ	3	1	สลัดอากาศ	สลัดอากาศ:2 สลัด|อากาศ:1	train=3
สะกดรอยตาม	3	1	สะกดรอยตาม	สะกดรอยตาม:2 สะกด|รอยตาม:1	train=3
สักวันนึง	3	1	สักวันนึง	สักวันนึง:2 สักวัน|นึง:1	train=3
สัตว์ประหลาด	3	1	สัตว์ประหลาด	สัตว์ประหลาด:2 สัตว์|ประหลาด:1	train=3
สัปดาห์ก่อน	3	1	สัปดาห์ก่อน	สัปดาห์ก่อน:2 สัปดาห์|ก่อน:1	train=3
สาวกรุ๊ปปี้	3	1	สาวกรุ๊ปปี้	สาวกรุ๊ปปี้:2 สาว|กรุ๊ปปี้:1	train=3
สิจ้ะ	3	1	สิ|จ้ะ	สิ|จ้ะ:2 สิจ้ะ:1	train=3
สีเงิน	3	1	สีเงิน	สีเงิน:2 สี|เงิน:1	train=3
สืบต่อ	3	1	สืบต่อ	สืบต่อ:2 สืบ|ต่อ:1	train=3
สุดจะทน	3	1	สุด|จะ|ทน	สุด|จะ|ทน:2 สุดจะทน:1	train=2,val=1
หนอนหนังสือ	3	1	หนอนหนังสือ	หนอนหนังสือ:2 หนอน|หนังสือ:1	train=3
หนังสือรุ่น	3	1	หนังสือรุ่น	หนังสือรุ่น:2 หนังสือ|รุ่น:1	train=3
หนังโป๊	3	1	หนัง|โป๊	หนัง|โป๊:2 หนังโป๊:1	train=3
หน้าคุ้น	3	1	หน้า|คุ้น	หน้า|คุ้น:2 หน้าคุ้น:1	train=3
หมุนวน	3	1	หมุนวน	หมุนวน:2 หมุน|วน:1	train=3
หลบภัย	3	1	หลบภัย	หลบภัย:2 หลบ|ภัย:1	train=3
หัวแดง	3	1	หัว|แดง	หัว|แดง:2 หัวแดง:1	train=3
หากัน	3	1	หา|กัน	หา|กัน:2 หากัน:1	train=3
หานเซิน	3	1	หานเซิน	หานเซิน:2 หา|นเซิน:1	train=3
หาสีเขียว	3	1	หา|สีเขียว	หา|สีเขียว:2 หาสีเขียว:1	train=3
ห้องสุขา	3	1	ห้องสุขา	ห้องสุขา:2 ห้อง|สุขา:1	train=3
ห้องเก็บของ	3	1	ห้อง|เก็บ|ของ	ห้อง|เก็บ|ของ:2 ห้องเก็บของ:1	test=1,train=2
องค์สันตะปาปา	3	1	องค์สันตะปาปา	องค์สันตะปาปา:2 องค์|สันตะปาปา:1	train=3
อยู่รอด	3	1	อยู่รอด	อยู่รอด:2 อยู่|รอด:1	train=3
ออกเสียง	3	1	ออกเสียง	ออกเสียง:2 ออก|เสียง:1	train=3
อันดับแรก	3	1	อันดับแรก	อันดับแรก:2 อันดับ|แรก:1	train=3
อาจารย์ซู	3	1	อาจารย์|ซู	อาจารย์|ซู:2 อาจารย์ซู:1	train=3
อาจารย์หยิม	3	1	อาจารย์|หยิม	อาจารย์|หยิม:2 อาจารย์หยิม:1	train=3
อายุยืน	3	1	อายุ|ยืน	อายุ|ยืน:2 อายุยืน:1	train=3
อึดอัดใจ	3	1	อึดอัดใจ	อึดอัดใจ:2 อึดอัด|ใจ:1	train=3
อ้ายบ้า	3	1	อ้ายบ้า	อ้ายบ้า:2 อ้าย|บ้า:1	train=3
ฮิเอง	3	1	ฮิเอง	ฮิเอง:2 ฮิ|เอง:1	train=3
เขตหวงห้าม	3	1	เขต|หวงห้าม	เขต|หวงห้าม:2 เขตหวงห้าม:1	train=3
เครื่องฉาย	3	1	เครื่อง|ฉาย	เครื่อง|ฉาย:2 เครื่องฉาย:1	train=3
เงินหมวย	3	1	เงินหมวย	เงินหมวย:2 เงิน|หมวย:1	train=3
เจ็ดเก้า	3	1	เจ็ดเก้า	เจ็ดเก้า:2 เจ็ด|เก้า:1	train=3
เจ้าขี้แพ้	3	1	เจ้าขี้แพ้	เจ้าขี้แพ้:2 เจ้า|ขี้แพ้:1	train=3
เจ้างี่เง่า	3	1	เจ้า|งี่เง่า	เจ้า|งี่เง่า:2 เจ้างี่เง่า:1	train=3
เจ้าดี	3	1	เจ้า|ดี	เจ้า|ดี:2 เจ้าดี:1	train=3
เจ้าตัวเล็ก	3	1	เจ้า|ตัวเล็ก	เจ้า|ตัวเล็ก:2 เจ้าตัวเล็ก:1	train=3
เจ้าโลก	3	1	เจ้าโลก	เจ้าโลก:2 เจ้า|โลก:1	train=3
เช้าตรู่	3	1	เช้าตรู่	เช้าตรู่:2 เช้า|ตรู่:1	train=3
เด็กบ้านนอก	3	1	เด็กบ้านนอก	เด็กบ้านนอก:2 เด็ก|บ้านนอก:1	train=3
เท่านี้แหละ	3	1	เท่านี้|แหละ	เท่านี้|แหละ:2 เท่านี้แหละ:1	train=3
เท้าขวา	3	1	เท้า|ขวา	เท้า|ขวา:2 เท้าขวา:1	train=3
เนยทับ	3	1	เนย|ทับ	เนย|ทับ:2 เนยทับ:1	train=3
เปนไง	3	1	เปน|ไง	เปน|ไง:2 เปนไง:1	train=3
เป็นธุระ	3	1	เป็นธุระ	เป็นธุระ:2 เป็น|ธุระ:1	train=3
เป็นอันตกลง	3	1	เป็น|อัน|ตกลง	เป็น|อัน|ตกลง:2 เป็นอันตกลง:1	train=3
เพลงชาติ	3	1	เพลงชาติ	เพลงชาติ:2 เพลง|ชาติ:1	train=3
เพื่อนเกลอ	3	1	เพื่อน|เกลอ	เพื่อน|เกลอ:2 เพื่อนเกลอ:1	train=3
เมฆดำ	3	1	เมฆดำ	เมฆดำ:2 เมฆ|ดำ:1	test=1,train=2
เยอรมันนี	3	1	เยอรมันนี	เยอรมันนี:2 เยอรมัน|นี:1	train=3
เรื่องเยอะ	3	1	เรื่องเยอะ	เรื่องเยอะ:2 เรื่อง|เยอะ:1	train=3
เลขทะเบียน	3	1	เลข|ทะเบียน	เลข|ทะเบียน:2 เลขทะเบียน:1	train=3
เสริมสวย	3	1	เสริมสวย	เสริมสวย:2 เสริม|สวย:1	train=3
เสื้อใน	3	1	เสื้อใน	เสื้อใน:2 เสื้อ|ใน:1	train=3
เอาใหม่	3	1	เอาใหม่	เอาใหม่:2 เอา|ใหม่:1	train=3
เแล้ว	3	1	เแล้ว	เแล้ว:2 เ|แล้ว:1	train=3
แกลง	3	1	แกลง	แกลง:2 แก|ลง:1	train=3
แกลอง	3	1	แกลอง	แกลอง:2 แก|ลอง:1	train=3
แช่แข็ง	3	1	แช่|แข็ง	แช่|แข็ง:2 แช่แข็ง:1	train=2,val=1
แต่หัววัน	3	1	แต่หัววัน	แต่หัววัน:2 แต่|หัววัน:1	train=3
แต่เดี๋ยว	3	1	แต่เดี๋ยว	แต่เดี๋ยว:2 แต่|เดี๋ยว:1	train=3
แทบเท้า	3	1	แทบเท้า	แทบเท้า:2 แทบ|เท้า:1	train=3
แท่นกระโดด	3	1	แท่น|กระโดด	แท่น|กระโดด:2 แท่นกระโดด:1	train=3
แปดสองเด้ง	3	1	แปด|สอง|เด้ง	แปด|สอง|เด้ง:2 แปดสองเด้ง:1	train=3
แปดโมง	3	1	แปด|โมง	แปด|โมง:2 แปดโมง:1	train=3
แปปนึง	3	1	แปปนึง	แปปนึง:2 แปป|นึง:1	train=3
แผนอพยพ	3	1	แผนอพยพ	แผนอพยพ:2 แผน|อพยพ:1	train=3
แม่สาวน้อย	3	1	แม่|สาวน้อย	แม่|สาวน้อย:2 แม่สาวน้อย:1	train=3
แยกทาง	3	1	แยก|ทาง	แยก|ทาง:2 แยกทาง:1	train=3
แสงจ้า	3	1	แสง|จ้า	แสง|จ้า:2 แสงจ้า:1	train=3
แสบตา	3	1	แสบตา	แสบตา:2 แสบ|ตา:1	train=3
โจรชาเหอ	3	1	โจรชาเหอ	โจรชาเหอ:2 โจร|ชาเหอ:1	train=3
ใจสลาย	3	1	ใจสลาย	ใจสลาย:2 ใจ|สลาย:1	train=2,val=1
ไขสือ	3	1	ไขสือ	ไขสือ:2 ไข|สือ:1	train=3
ไพ่นกกระจอก	3	1	ไพ่|นกกระจอก	ไพ่|นกกระจอก:2 ไพ่นกกระจอก:1	test=1,train=2
ไว้นั่น	3	1	ไว้|นั่น	ไว้|นั่น:2 ไว้นั่น:1	train=3
ไหมดำ	3	1	ไหม|ดำ	ไหม|ดำ:2 ไหมดำ:1	train=3
ไอ้ยุ่น	3	1	ไอ้|ยุ่น	ไอ้|ยุ่น:2 ไอ้ยุ่น:1	train=3
กรุ๊ปบี	2	1	กรุ๊ปบี	กรุ๊ปบี:1 กรุ๊ป|บี:1	train=2
การกอด	2	1	การ|กอด	การ|กอด:1 การกอด:1	train=2
การจับกุม	2	1	การ|จับกุม	การ|จับกุม:1 การจับกุม:1	train=2
การตกแต่ง	2	1	การตกแต่ง	การตกแต่ง:1 การ|ตกแต่ง:1	train=2
การมองเห็น	2	1	การ|มองเห็น	การ|มองเห็น:1 การมองเห็น:1	train=2
การลักพาตัว	2	1	การลักพาตัว	การลักพาตัว:1 การ|ลักพาตัว:1	train=2
การสละสิทธิ์	2	1	การ|สละ|สิทธิ์	การ|สละ|สิทธิ์:1 การสละสิทธิ์:1	train=2
การสัมผัส	2	1	การ|สัมผัส	การ|สัมผัส:1 การสัมผัส:1	train=2
การอดทน	2	1	การ|อดทน	การ|อดทน:1 การอดทน:1	train=2
การอ่าน	2	1	การอ่าน	การอ่าน:1 การ|อ่าน:1	train=2
การเสพติด	2	1	การเสพติด	การเสพติด:1 การ|เสพติด:1	train=2
การแกว่ง	2	1	การแกว่ง	การแกว่ง:1 การ|แกว่ง:1	train=2
ก้อนเมือก	2	1	ก้อนเมือก	ก้อนเมือก:1 ก้อน|เมือก:1	train=2
ขวัญกระเจิง	2	1	ขวัญ|กระเจิง	ขวัญ|กระเจิง:1 ขวัญกระเจิง:1	train=2
ขอยา	2	1	ขอ|ยา	ขอ|ยา:1 ขอยา:1	train=2
ขัดลำกล้อง	2	1	ขัด|ลำกล้อง	ขัด|ลำกล้อง:1 ขัดลำกล้อง:1	train=2
ขาขึ้น	2	1	ขาขึ้น	ขาขึ้น:1 ขา|ขึ้น:1	train=2
ขาพลิก	2	1	ขาพลิก	ขาพลิก:1 ขา|พลิก:1	train=2
ขี้เถ้า	2	1	ขี้เถ้า	ขี้เถ้า:1 ขี้|เถ้า:1	train=2
ข้างนั้น	2	1	ข้างนั้น	ข้างนั้น:1 ข้าง|นั้น:1	train=2
ข้างเดียว	2	1	ข้างเดียว	ข้างเดียว:1 ข้าง|เดียว:1	train=2
ข้ามผ่าน	2	1	ข้ามผ่าน	ข้ามผ่าน:1 ข้าม|ผ่าน:1	train=2
คนตาบอด	2	1	คนตาบอด	คนตาบอด:1 คน|ตาบอด:1	train=2
คนท้อง	2	1	คน|ท้อง	คน|ท้อง:1 คนท้อง:1	train=2
คนเมา	2	1	คน|เมา	คน|เมา:1 คนเมา:1	train=2
ครัวบ้านมาก	2	1	ครัวบ้านมาก	ครัวบ้านมาก:1 ครัว|บ้าน|มาก:1	train=2
ครูเควิน	2	1	ครู|เควิน	ครู|เควิน:1 ครูเควิน:1	train=2
ความดันโลหิต	2	1	ความดันโลหิต	ความดันโลหิต:1 ความดัน|โลหิต:1	train=2
ความศิวิไลซ์	2	1	ความศิวิไลซ์	ความศิวิไลซ์:1 ความ|ศิวิไลซ์:1	train=2
คาดว่า	2	1	คาด|ว่า	คาด|ว่า:1 คาดว่า:1	train=2
คืนพรุ่งนี้	2	1	คืนพรุ่งนี้	คืนพรุ่งนี้:1 คืน|พรุ่งนี้:1	train=2
คืนเดียว	2	1	คืนเดียว	คืนเดียว:1 คืน|เดียว:1	train=2
คุณกลินดา	2	1	คุณกลินดา	คุณกลินดา:1 คุณ|กลินดา:1	train=2
คุณสตรอซ	2	1	คุณ|สตรอซ	คุณ|สตรอซ:1 คุณสตรอซ:1	train=2
คุณเดอร์เด้น	2	1	คุณเดอร์เด้น	คุณเดอร์เด้น:1 คุณ|เดอร์เด้น:1	train=2
คุณเล่ออิ๋ง	2	1	คุณ|เล่ออิ๋ง	คุณ|เล่ออิ๋ง:1 คุณเล่ออิ๋ง:1	train=2
คู่ชก	2	1	คู่ชก	คู่ชก:1 คู่|ชก:1	train=2
คู่นอน	2	1	คู่นอน	คู่นอน:1 คู่|นอน:1	train=2
ค่าล่วงเวลา	2	1	ค่า|ล่วงเวลา	ค่า|ล่วงเวลา:1 ค่าล่วงเวลา:1	train=2
ค่าอาหาร	2	1	ค่าอาหาร	ค่าอาหาร:1 ค่า|อาหาร:1	train=2
งานวัด	2	1	งาน|วัด	งาน|วัด:1 งานวัด:1	train=2
งี่เง่าน่า	2	1	งี่เง่าน่า	งี่เง่าน่า:1 งี่เง่า|น่า:1	train=2
งูบูมสแลง	2	1	งูบูมสแลง	งูบูมสแลง:1 งู|บูม|สแลง:1	train=2
จริงแท้แน่นอน	2	1	จริงแท้|แน่นอน	จริงแท้|แน่นอน:1 จริงแท้แน่นอน:1	train=2
จองกิล	2	1	จองกิล	จองกิล:1 จอง|กิล:1	train=2
จีนนี่	2	1	จีนนี่	จีนนี่:1 จีน|นี่:1	train=2
จุกนมยาง	2	1	จุกนม|ยาง	จุกนม|ยาง:1 จุกนมยาง:1	train=2
ช่างกล้า	2	1	ช่างกล้า	ช่างกล้า:1 ช่าง|กล้า:1	train=2
ช่างแพ็ง	2	1	ช่าง|แพ็ง	ช่าง|แพ็ง:1 ช่างแพ็ง:1	train=2
ซักแห้ง	2	1	ซักแห้ง	ซักแห้ง:1 ซัก|แห้ง:1	train=2
ซื้อใจ	2	1	ซื้อใจ	ซื้อใจ:1 ซื้อ|ใจ:1	train=2
ดร.ธีล	2	1	ดร.|ธีล	ดร.|ธีล:1 ดร.ธีล:1	train=2
ดาวดับ	2	1	ดาวดับ	ดาวดับ:1 ดาว|ดับ:1	train=2
ด่านเอมอนดิน	2	1	ด่านเอมอนดิน	ด่านเอมอนดิน:1 ด่าน|เอมอนดิน:1	train=2
ด้วยเทอญ	2	1	ด้วยเทอญ	ด้วยเทอญ:1 ด้วย|เทอญ:1	train=2
ตกดึก	2	1	ตกดึก	ตกดึก:1 ตก|ดึก:1	train=2
ตกลงใจ	2	1	ตกลงใจ	ตกลงใจ:1 ตกลง|ใจ:1	train=2
ตรวจพบ	2	1	ตรวจพบ	ตรวจพบ:1 ตรวจ|พบ:1	train=2
ตอนกลาง	2	1	ตอน|กลาง	ตอน|กลาง:1 ตอนกลาง:1	train=2
ตอนนี่	2	1	ตอน|นี่	ตอน|นี่:1 ตอนนี่:1	train=2
ตัวจุดระเบิด	2	1	ตัวจุดระเบิด	ตัวจุดระเบิด:1 ตัว|จุดระเบิด:1	train=2
ตัวปลอม	2	1	ตัว|ปลอม	ตัว|ปลอม:1 ตัวปลอม:1	train=2
ตัวผู้หญิง	2	1	ตัวผู้หญิง	ตัวผู้หญิง:1 ตัว|ผู้หญิง:1	train=2
ตัวพี่	2	1	ตัวพี่	ตัวพี่:1 ตัว|พี่:1	train=2
ตัวอันตราย	2	1	ตัวอันตราย	ตัวอันตราย:1 ตัว|อันตราย:1	train=2
ตาดำ	2	1	ตาดำ	ตาดำ:1 ตา|ดำ:1	train=2
ตายตัว	2	1	ตายตัว	ตายตัว:1 ตาย|ตัว:1	train=2
ติดดิน	2	1	ติด|ดิน	ติด|ดิน:1 ติดดิน:1	train=2
ติดหนึบ	2	1	ติดหนึบ	ติดหนึบ:1 ติด|หนึบ:1	train=2
ตู้นี่	2	1	ตู้|นี่	ตู้|นี่:1 ตู้นี่:1	train=2
ต่อหลัง	2	1	ต่อหลัง	ต่อหลัง:1 ต่อ|หลัง:1	train=2
ถังอับเฉา	2	1	ถังอับเฉา	ถังอับเฉา:1 ถัง|อับเฉา:1	train=2
ถามหา	2	1	ถาม|หา	ถาม|หา:1 ถามหา:1	train=2
ถูกปาก	2	1	ถูกปาก	ถูกปาก:1 ถูก|ปาก:1	train=2
ทอมไอ	2	1	ทอมไอ	ทอมไอ:1 ทอม|ไอ:1	train=2
ทอแสง	2	1	ทอแสง	ทอแสง:1 ทอ|แสง:1	train=2
ทั้งคน	2	1	ทั้งคน	ทั้งคน:1 ทั้ง|คน:1	train=2
ทางการแพทย์	2	1	ทางการแพทย์	ทางการแพทย์:1 ทาง|การแพทย์:1	train=2
ทางตรง	2	1	ทาง|ตรง	ทาง|ตรง:1 ทางตรง:1	train=2
ที่จอดรถ	2	1	ที่จอด|รถ	ที่จอด|รถ:1 ที่จอดรถ:1	train=2
ที่อุดหู	2	1	ที่อุดหู	ที่อุดหู:1 ที่|อุด|หู:1	train=2
ทุกขณะ	2	1	ทุก|ขณะ	ทุก|ขณะ:1 ทุกขณะ:1	train=2
ทุกคราว	2	1	ทุกคราว	ทุกคราว:1 ทุก|คราว:1	train=2
ทุกทาง	2	1	ทุก|ทาง	ทุก|ทาง:1 ทุกทาง:1	train=2
ท่อนไม้	2	1	ท่อนไม้	ท่อนไม้:1 ท่อน|ไม้:1	train=2
ท่ารถ	2	1	ท่ารถ	ท่ารถ:1 ท่า|รถ:1	train=2
นกกระดาษ	2	1	นก|กระดาษ	นก|กระดาษ:1 นกกระดาษ:1	train=2
นอกจากนี้	2	1	นอกจากนี้	นอกจากนี้:1 นอกจาก|นี้:1	train=2
นักต่อนัก	2	1	นัก|ต่อนัก	นัก|ต่อนัก:1 นักต่อนัก:1	train=2
นับตั้งแต่	2	1	นับตั้งแต่	นับตั้งแต่:1 นับ|ตั้งแต่:1	train=2
นำโชค	2	1	นำโชค	นำโชค:1 นำ|โชค:1	train=2
น่าตา	2	1	น่าตา	น่าตา:1 น่า|ตา:1	test=1,train=1
น่าภูมิใจ	2	1	น่าภูมิใจ	น่าภูมิใจ:1 น่า|ภูมิใจ:1	train=2
น้ำปูนใส	2	1	น้ำปูน|ใส	น้ำปูน|ใส:1 น้ำปูนใส:1	train=2
น้ำลายไหล	2	1	น้ำลาย|ไหล	น้ำลาย|ไหล:1 น้ำลายไหล:1	train=2
บันทึกประจำวัน	2	1	บันทึก|ประจำวัน	บันทึก|ประจำวัน:1 บันทึกประจำวัน:1	train=2
บาร์เหล้า	2	1	บาร์เหล้า	บาร์เหล้า:1 บาร์|เหล้า:1	train=2
บ้างอย่าง	2	1	บ้างอย่าง	บ้างอย่าง:1 บ้าง|อย่าง:1	train=2
บ้านั้น	2	1	บ้านั้น	บ้านั้น:1 บ้า|นั้น:1	train=2
ประจำการ	2	1	ประจำ|การ	ประจำ|การ:1 ประจำการ:1	train=1,val=1
ปลานี่	2	1	ปลานี่	ปลานี่:1 ปลา|นี่:1	train=2
ปลาไหลทะเล	2	1	ปลาไหล|ทะเล	ปลาไหล|ทะเล:1 ปลาไหลทะเล:1	train=2
ปอยผม	2	1	ปอยผม	ปอยผม:1 ปอย|ผม:1	train=2
ปีใหม่จีน	2	1	ปีใหม่จีน	ปีใหม่จีน:1 ปีใหม่|จีน:1	train=2
ปืนสั้น	2	1	ปืนสั้น	ปืนสั้น:1 ปืน|สั้น:1	train=2
ป้ายหยก	2	1	ป้ายหยก	ป้ายหยก:1 ป้าย|หยก:1	train=2
ผลิบาน	2	1	ผลิ|บาน	ผลิ|บาน:1 ผลิบาน:1	train=2
ผิดบาป	2	1	ผิด|บาป	ผิด|บาป:1 ผิดบาป:1	train=2
ผิดวิสัย	2	1	ผิดวิสัย	ผิดวิสัย:1 ผิด|วิสัย:1	train=2
ผู้รับผิดชอบ	2	1	ผู้|รับผิดชอบ	ผู้|รับผิดชอบ:1 ผู้รับผิดชอบ:1	train=2
ผ้าปูโต๊ะ	2	1	ผ้าปูโต๊ะ	ผ้าปูโต๊ะ:1 ผ้าปู|โต๊ะ:1	train=2
ผ้าห่อศพ	2	1	ผ้า|ห่อ|ศพ	ผ้า|ห่อ|ศพ:1 ผ้าห่อศพ:1	train=2
ฝันหวาน	2	1	ฝันหวาน	ฝันหวาน:1 ฝัน|หวาน:1	train=2
พนักงานขาย	2	1	พนักงานขาย	พนักงานขาย:1 พนักงาน|ขาย:1	train=2
พบเจอ	2	1	พบเจอ	พบเจอ:1 พบ|เจอ:1	train=2
พยากรณ์อากาศ	2	1	พยากรณ์อากาศ	พยากรณ์อากาศ:1 พยากรณ์|อากาศ:1	train=2
พรางตัว	2	1	พรางตัว	พรางตัว:1 พราง|ตัว:1	train=2
พร้อมหน้า	2	1	พร้อมหน้า	พร้อมหน้า:1 พร้อม|หน้า:1	train=2
พอน่า	2	1	พอน่า	พอน่า:1 พอ|น่า:1	train=2
พอสมควร	2	1	พอ|สมควร	พอ|สมควร:1 พอสมควร:1	train=2
พันลึก	2	1	พันลึก	พันลึก:1 พัน|ลึก:1	train=1,val=1
พันล้าน	2	1	พันล้าน	พันล้าน:1 พัน|ล้าน:1	train=2
พับผ่าสิ	2	1	พับผ่าสิ	พับผ่าสิ:1 พับผ่า|สิ:1	train=2
พิมพ์ดีด	2	1	พิมพ์ดีด	พิมพ์ดีด:1 พิมพ์|ดีด:1	train=2
พี่มเหศวร	2	1	พี่|มเหศวร	พี่|มเหศวร:1 พี่มเหศวร:1	train=2
พี่สอง	2	1	พี่สอง	พี่สอง:1 พี่|สอง:1	train=2
พี่เง็ก	2	1	พี่เง็ก	พี่เง็ก:1 พี่|เง็ก:1	train=2
พี่แซม	2	1	พี่|แซม	พี่|แซม:1 พี่แซม:1	train=2
พ่อกำจร	2	1	พ่อกำจร	พ่อกำจร:1 พ่อ|กำจร:1	train=2
มนตร์สะกด	2	1	มนตร์สะกด	มนตร์สะกด:1 มนตร์|สะกด:1	train=2
มอดดับ	2	1	มอด|ดับ	มอด|ดับ:1 มอดดับ:1	train=2
มาจนู	2	1	มา|จนู	มา|จนู:1 มาจนู:1	train=2
มาซารุ	2	1	มาซารุ	มาซารุ:1 มา|ซารุ:1	train=2
มาซิโน่	2	1	มาซิโน่	มาซิโน่:1 มา|ซิโน่:1	train=2
มาดริด	2	1	มาดริด	มาดริด:1 มา|ดริด:1	train=2
มาเก๊า	2	1	มาเก๊า	มาเก๊า:1 มา|เก๊า:1	test=1,train=1
มาเต้มั้ย	2	1	มา|เต้มั้ย	มา|เต้มั้ย:1 มาเต้มั้ย:1	train=2
มิสู้	2	1	มิสู้	มิสู้:1 มิ|สู้:1	train=2
มีดหมอ	2	1	มีดหมอ	มีดหมอ:1 มีด|หมอ:1	train=2
มียางอาย	2	1	มี|ยางอาย	มี|ยางอาย:1 มียางอาย:1	train=2
มือเจาะ	2	1	มือ|เจาะ	มือ|เจาะ:1 มือเจาะ:1	train=2
ยกซด	2	1	ยก|ซด	ยก|ซด:1 ยกซด:1	train=2
ยากดประสาท	2	1	ยากดประสาท	ยากดประสาท:1 ยา|กด|ประสาท:1	train=2
ยานอนหลับ	2	1	ยาน|อนหลับ	ยาน|อนหลับ:1 ยานอนหลับ:1	train=2
ยานี่	2	1	ยานี่	ยานี่:1 ยา|นี่:1	train=2
ยามนั้น	2	1	ยาม|นั้น	ยาม|นั้น:1 ยามนั้น:1	test=1,train=1
ยิ่งแล้ว	2	1	ยิ่ง|แล้ว	ยิ่ง|แล้ว:1 ยิ่งแล้ว:1	train=2
ยี่สิบสาม	2	1	ยี่สิบสาม	ยี่สิบสาม:1 ยี่|สิบ|สาม:1	train=2
รสดี	2	1	รสดี	รสดี:1 รส|ดี:1	train=2
รอยนิ้วมือ	2	1	รอยนิ้วมือ	รอยนิ้วมือ:1 รอย|นิ้วมือ:1	train=2
รั้งท้าย	2	1	รั้งท้าย	รั้งท้าย:1 รั้ง|ท้าย:1	train=2
รูปเสีย	2	1	รูป|เสีย	รูป|เสีย:1 รูปเสีย:1	train=2
รู้งี้	2	1	รู้|งี้	รู้|งี้:1 รู้งี้:1	train=2
รู้เห็น	2	1	รู้|เห็น	รู้|เห็น:1 รู้เห็น:1	train=2
ร่วมทุน	2	1	ร่วม|ทุน	ร่วม|ทุน:1 ร่วมทุน:1	train=2
ร่วมรัก	2	1	ร่วมรัก	ร่วมรัก:1 ร่วม|รัก:1	train=2
ร้อยยี่สิบ	2	1	ร้อยยี่สิบ	ร้อยยี่สิบ:1 ร้อย|ยี่|สิบ:1	train=2
ร้านซักแห้ง	2	1	ร้านซักแห้ง	ร้านซักแห้ง:1 ร้าน|ซักแห้ง:1	train=2
ร้ายนัก	2	1	ร้ายนัก	ร้ายนัก:1 ร้าย|นัก:1	train=2
ลมชัก	2	1	ลม|ชัก	ลม|ชัก:1 ลมชัก:1	train=2
ลวงโลก	2	1	ลวง|โลก	ลวง|โลก:1 ลวงโลก:1	train=2
ลิงน้อย	2	1	ลิง|น้อย	ลิง|น้อย:1 ลิงน้อย:1	train=2
ลิงผี	2	1	ลิง|ผี	ลิง|ผี:1 ลิงผี:1	train=2
ลูกตะกั่ว	2	1	ลูกตะกั่ว	ลูกตะกั่ว:1 ลูก|ตะกั่ว:1	train=2
ลูกติด	2	1	ลูก|ติด	ลูก|ติด:1 ลูกติด:1	train=2
ลูกพี่เยียน	2	1	ลูกพี่เยียน	ลูกพี่เยียน:1 ลูกพี่|เยียน:1	train=2
ลูกแหง่	2	1	ลูกแหง่	ลูกแหง่:1 ลูก|แหง่:1	train=2
วิธีคิด	2	1	วิธีคิด	วิธีคิด:1 วิธี|คิด:1	train=2
วุ้นถั่วแดง	2	1	วุ้น|ถั่วแดง	วุ้น|ถั่วแดง:1 วุ้นถั่วแดง:1	train=2
สกุลเกา	2	1	สกุลเกา	สกุลเกา:1 สกุล|เกา:1	train=2
สภาพจิตใจ	2	1	สภาพจิตใจ	สภาพจิตใจ:1 สภาพ|จิตใจ:1	train=2
สมฉายา	2	1	สม|ฉายา	สม|ฉายา:1 สมฉายา:1	train=2
สามสิบห้า	2	1	สาม|สิบ|ห้า	สาม|สิบ|ห้า:1 สามสิบห้า:1	train=2
สามเด้ง	2	1	สามเด้ง	สามเด้ง:1 สาม|เด้ง:1	train=2
สายน้ำแซน	2	1	สายน้ำ|แซน	สายน้ำ|แซน:1 สายน้ำแซน:1	train=2
สารตกค้าง	2	1	สารตกค้าง	สารตกค้าง:1 สาร|ตกค้าง:1	train=2
สิ่งใดๆ	2	1	สิ่งใดๆ	สิ่งใดๆ:1 สิ่ง|ใดๆ:1	train=2
สีกากี	2	1	สี|กากี	สี|กากี:1 สีกากี:1	train=2
สีฟ้าเขียว	2	1	สีฟ้าเขียว	สีฟ้าเขียว:1 สี|ฟ้า|เขียว:1	train=2
ส่งเสีย	2	1	ส่ง|เสีย	ส่ง|เสีย:1 ส่งเสีย:1	train=2
หมดกัน	2	1	หมด|กัน	หมด|กัน:1 หมดกัน:1	train=2
หมดทาง	2	1	หมด|ทาง	หมด|ทาง:1 หมดทาง:1	train=2
หมดยก	2	1	หมดยก	หมดยก:1 หมด|ยก:1	train=2
หรือไร	2	1	หรือ|ไร	หรือ|ไร:1 หรือไร:1	train=2
หลอดยา	2	1	หลอดยา	หลอดยา:1 หลอด|ยา:1	train=2
หลังหัก	2	1	หลัง|หัก	หลัง|หัก:1 หลังหัก:1	train=2
หวงเหรอ	2	1	หวง|เหรอ	หวง|เหรอ:1 หวงเหรอ:1	train=2
หัวยุ่ง	2	1	หัว|ยุ่ง	หัว|ยุ่ง:1 หัวยุ่ง:1	train=2
หัวโขก	2	1	หัวโขก	หัวโขก:1 หัว|โขก:1	train=2
หายวับ	2	1	หาย|วับ	หาย|วับ:1 หายวับ:1	train=2
หุบเหว	2	1	หุบเหว	หุบเหว:1 หุบ|เหว:1	train=2
หูแบทแมน	2	1	หู|แบทแมน	หู|แบทแมน:1 หูแบทแมน:1	train=2
ห้องแล็บ	2	1	ห้อง|แล็บ	ห้อง|แล็บ:1 ห้องแล็บ:1	train=2
ห้าสิบบาท	2	1	ห้าสิบ|บาท	ห้าสิบ|บาท:1 ห้าสิบบาท:1	train=2
อย่างไร้ร่องรอย	2	1	อย่างไร้|ร่องรอย	อย่างไร้|ร่องรอย:1 อย่างไร้ร่องรอย:1	test=1,train=1
ออกศึก	2	1	ออกศึก	ออกศึก:1 ออก|ศึก:1	train=2
ออมมือ	2	1	ออม|มือ	ออม|มือ:1 ออมมือ:1	train=1,val=1
อาจารย์ยิป	2	1	อาจารย์|ยิป	อาจารย์|ยิป:1 อาจารย์ยิป:1	train=2
อำนวยพร	2	1	อำนวยพร	อำนวยพร:1 อำนวย|พร:1	train=2
อุ๊ยตาย	2	1	อุ๊ยตาย	อุ๊ยตาย:1 อุ๊ย|ตาย:1	train=2
อ้วนเติ้ง	2	1	อ้วนเติ้ง	อ้วนเติ้ง:1 อ้วน|เติ้ง:1	train=2
อ้าซ่า	2	1	อ้าซ่า	อ้าซ่า:1 อ้า|ซ่า:1	train=2
เก้าสิบหก	2	1	เก้าสิบหก	เก้าสิบหก:1 เก้า|สิบหก:1	train=2
เข็มขัดนิรภัย	2	1	เข็มขัด|นิรภัย	เข็มขัด|นิรภัย:1 เข็มขัดนิรภัย:1	train=2
เข้าจู่โจม	2	1	เข้า|จู่โจม	เข้า|จู่โจม:1 เข้าจู่โจม:1	train=2
เข้าระบบ	2	1	เข้าระบบ	เข้าระบบ:1 เข้า|ระบบ:1	train=2
เข้ารูม	2	1	เข้ารูม	เข้ารูม:1 เข้า|รูม:1	train=2
เครื่องส่ง	2	1	เครื่องส่ง	เครื่องส่ง:1 เครื่อง|ส่ง:1	train=2
เครื่องเพชร	2	1	เครื่อง|เพชร	เครื่อง|เพชร:1 เครื่องเพชร:1	test=1,train=1
เจ็ดสิบ	2	1	เจ็ด|สิบ	เจ็ด|สิบ:1 เจ็ดสิบ:1	train=1,val=1
เจ้าดูโด้	2	1	เจ้าดูโด้	เจ้าดูโด้:1 เจ้า|ดูโด้:1	train=2
เจ้าทึ่ม	2	1	เจ้าทึ่ม	เจ้าทึ่ม:1 เจ้า|ทึ่ม:1	train=2
เจ้าม้า	2	1	เจ้า|ม้า	เจ้า|ม้า:1 เจ้าม้า:1	train=2
เจ้ารับได้	2	1	เจ้ารับได้	เจ้ารับได้:1 เจ้า|รับ|ได้:1	train=2
เจ้าอารมณ์	2	1	เจ้า|อารมณ์	เจ้า|อารมณ์:1 เจ้าอารมณ์:1	train=2
เจ้าเปี๊ยก	2	1	เจ้าเปี๊ยก	เจ้าเปี๊ยก:1 เจ้า|เปี๊ยก:1	train=2
เซ็นนี่	2	1	เซ็น|นี่	เซ็น|นี่:1 เซ็นนี่:1	train=2
เดือนกว่า	2	1	เดือน|กว่า	เดือน|กว่า:1 เดือนกว่า:1	train=2
เด็กฝึก	2	1	เด็ก|ฝึก	เด็ก|ฝึก:1 เด็กฝึก:1	train=2
เทพแม่น้ำ	2	1	เทพ|แม่น้ำ	เทพ|แม่น้ำ:1 เทพแม่น้ำ:1	train=2
เที่ยวชม	2	1	เที่ยว|ชม	เที่ยว|ชม:1 เที่ยวชม:1	train=2
เนตรเขา	2	1	เนตรเขา	เนตรเขา:1 เนตร|เขา:1	train=2
เนื้อวัว	2	1	เนื้อ|วัว	เนื้อ|วัว:1 เนื้อวัว:1	train=2
เป็นธรรม	2	1	เป็น|ธรรม	เป็น|ธรรม:1 เป็นธรรม:1	train=2
เผื่อว่า	2	1	เผื่อ|ว่า	เผื่อ|ว่า:1 เผื่อว่า:1	train=2
เมาคลื่น	2	1	เมาคลื่น	เมาคลื่น:1 เมา|คลื่น:1	train=2
เมื่อกี้นี้	2	1	เมื่อกี้|นี้	เมื่อกี้|นี้:1 เมื่อกี้นี้:1	train=2
เมื่อก่อนนี้	2	1	เมื่อก่อน|นี้	เมื่อก่อน|นี้:1 เมื่อก่อนนี้:1	train=2
เมื่อครั้ง	2	1	เมื่อครั้ง	เมื่อครั้ง:1 เมื่อ|ครั้ง:1	train=2
เยี่ยงนี้	2	1	เยี่ยงนี้	เยี่ยงนี้:1 เยี่ยง|นี้:1	train=2
เร็วไว	2	1	เร็ว|ไว	เร็ว|ไว:1 เร็วไว:1	train=2
เศษไม้	2	1	เศษไม้	เศษไม้:1 เศษ|ไม้:1	train=2
เสียก่อน	2	1	เสียก่อน	เสียก่อน:1 เสีย|ก่อน:1	train=2
เสียด้วย	2	1	เสีย|ด้วย	เสีย|ด้วย:1 เสียด้วย:1	train=2
เสื้อคลุมกันฝน	2	1	เสื้อคลุมกันฝน	เสื้อคลุมกันฝน:1 เสื้อคลุม|กัน|ฝน:1	train=2
เอนหลัง	2	1	เอน|หลัง	เอน|หลัง:1 เอนหลัง:1	train=2
เอาตาย	2	1	เอาตาย	เอาตาย:1 เอา|ตาย:1	train=1,val=1
เอาอยู่	2	1	เอา|อยู่	เอา|อยู่:1 เอาอยู่:1	test=1,train=1
เอาเหอะ	2	1	เอาเหอะ	เอาเหอะ:1 เอา|เหอะ:1	train=2
เเม่มดน้อย	2	1	เเม่มด|น้อย	เเม่มด|น้อย:1 เเม่มดน้อย:1	train=2
แก้ต่าง	2	1	แก้ต่าง	แก้ต่าง:1 แก้|ต่าง:1	train=2
แค่นิดหน่อย	2	1	แค่นิดหน่อย	แค่นิดหน่อย:1 แค่|นิดหน่อย:1	train=2
แตกตัว	2	1	แตก|ตัว	แตก|ตัว:1 แตกตัว:1	train=2
แผ่นดินเกิด	2	1	แผ่นดินเกิด	แผ่นดินเกิด:1 แผ่นดิน|เกิด:1	train=2
แมงมุมดำ	2	1	แมงมุมดำ	แมงมุมดำ:1 แมงมุม|ดำ:1	train=2
แสงนำทาง	2	1	แสง|นำทาง	แสง|นำทาง:1 แสงนำทาง:1	train=2
แสนห้า	2	1	แสน|ห้า	แสน|ห้า:1 แสนห้า:1	train=2
โซฟามัน	2	1	โซฟา|มัน	โซฟา|มัน:1 โซฟามัน:1	train=2
โยมชิน	2	1	โยม|ชิน	โยม|ชิน:1 โยมชิน:1	train=2
โรคหัวใจ	2	1	โรคหัวใจ	โรคหัวใจ:1 โรค|หัวใจ:1	train=2
โรเฮียริม	2	1	โรเฮีย|ริม	โรเฮีย|ริม:1 โรเฮียริม:1	train=2
ใจทำ	2	1	ใจ|ทำ	ใจ|ทำ:1 ใจทำ:1	train=2
ใจรัก	2	1	ใจรัก	ใจรัก:1 ใจ|รัก:1	train=2
ใบยาสูบ	2	1	ใบ|ยาสูบ	ใบ|ยาสูบ:1 ใบยาสูบ:1	train=2
ใยราธา	2	1	ใย|ราธา	ใย|ราธา:1 ใยราธา:1	train=2
ไก่งวง	2	1	ไก่|งวง	ไก่|งวง:1 ไก่งวง:1	train=2
ไก่ย่าง	2	1	ไก่|ย่าง	ไก่|ย่าง:1 ไก่ย่าง:1	train=2
ไตกระต่าย	2	1	ไตกระต่าย	ไตกระต่าย:1 ไต|กระต่าย:1	train=2
ไถหนาน	2	1	ไถ|หนาน	ไถ|หนาน:1 ไถหนาน:1	train=2
ไฟฉุกเฉิน	2	1	ไฟ|ฉุกเฉิน	ไฟ|ฉุกเฉิน:1 ไฟฉุกเฉิน:1	train=2
ไฟถนน	2	1	ไฟ|ถนน	ไฟ|ถนน:1 ไฟถนน:1	train=2
ไร้กังวล	2	1	ไร้|กังวล	ไร้|กังวล:1 ไร้กังวล:1	train=2
ไว้นี่แหละ	2	1	ไว้|นี่|แหละ	ไว้|นี่|แหละ:1 ไว้นี่แหละ:1	train=2
ไว้ลาย	2	1	ไว้ลาย	ไว้ลาย:1 ไว้|ลาย:1	train=2
ไอ้น้องชาย	2	1	ไอ้น้องชาย	ไอ้น้องชาย:1 ไอ้|น้องชาย:1	train=2
